Data,Preço Real,Preços Previstos,Erro Absoluto,Erro Percentual,Erro Médio Absoluto (MAE),Erro Quadrático Médio (MSE),Coeficiente de Determinação (R²),Erro Percentual Absoluto Médio (MAPE) (%),Acurácia (%),Valores Iguais?,Mean Absolute Error da Última Epoch,Lossda Última Epoch,Tempo de Execução
2021-11-10,14.760000228881836,14.561119,0.1988811492919922,1.3474332398913431,0.3690193908036254,0.22048489766434523,0.9894165425878685,1.7273486399158755,98.27265136008413,False,0.02811499685049057,0.0014869550941511989,1815.0521969795227
2021-11-11,15.550000190734863,14.650022,0.8999786376953125,5.787643901326417,0.3690193908036254,0.22048489766434523,0.9894165425878685,1.7273486399158755,98.27265136008413,False,0.02811499685049057,0.0014869550941511989,1815.0521969795227
2021-11-12,15.154999732971191,14.939871,0.21512889862060547,1.4195242653325253,0.3690193908036254,0.22048489766434523,0.9894165425878685,1.7273486399158755,98.27265136008413,False,0.02811499685049057,0.0014869550941511989,1815.0521969795227
2021-11-16,15.140000343322754,15.0318,0.1082000732421875,0.7146636115494366,0.3690193908036254,0.22048489766434523,0.9894165425878685,1.7273486399158755,98.27265136008413,False,0.02811499685049057,0.0014869550941511989,1815.0521969795227
2021-11-17,14.880000114440918,14.980744,0.10074424743652344,0.6770446684254523,0.3690193908036254,0.22048489766434523,0.9894165425878685,1.7273486399158755,98.27265136008413,False,0.02811499685049057,0.0014869550941511989,1815.0521969795227
2021-11-18,14.6850004196167,14.805096,0.12009525299072266,0.8178089857613863,0.3690193908036254,0.22048489766434523,0.9894165425878685,1.7273486399158755,98.27265136008413,False,0.02811499685049057,0.0014869550941511989,1815.0521969795227
2021-11-19,14.574999809265137,14.590035,0.015035629272460938,0.1031604080221187,0.3690193908036254,0.22048489766434523,0.9894165425878685,1.7273486399158755,98.27265136008413,False,0.02811499685049057,0.0014869550941511989,1815.0521969795227
2021-11-22,14.625,14.423282,0.20171833038330078,1.3792706350994925,0.3690193908036254,0.22048489766434523,0.9894165425878685,1.7273486399158755,98.27265136008413,False,0.02811499685049057,0.0014869550941511989,1815.0521969795227
2021-11-23,14.4399995803833,14.379289,0.060710906982421875,0.42043565614016687,0.3690193908036254,0.22048489766434523,0.9894165425878685,1.7273486399158755,98.27265136008413,False,0.02811499685049057,0.0014869550941511989,1815.0521969795227
2021-11-24,14.699999809265137,14.325957,0.3740425109863281,2.544506910473401,0.3690193908036254,0.22048489766434523,0.9894165425878685,1.7273486399158755,98.27265136008413,False,0.02811499685049057,0.0014869550941511989,1815.0521969795227
2021-11-25,15.1850004196167,14.392159,0.7928409576416016,5.221211298864189,0.3690193908036254,0.22048489766434523,0.9894165425878685,1.7273486399158755,98.27265136008413,False,0.02811499685049057,0.0014869550941511989,1815.0521969795227
2021-11-26,15.375,14.68306,0.6919403076171875,4.5004247649898375,0.3690193908036254,0.22048489766434523,0.9894165425878685,1.7273486399158755,98.27265136008413,False,0.02811499685049057,0.0014869550941511989,1815.0521969795227
2021-11-29,15.59000015258789,15.003671,0.586329460144043,3.7609329981097797,0.3690193908036254,0.22048489766434523,0.9894165425878685,1.7273486399158755,98.27265136008413,False,0.02811499685049057,0.0014869550941511989,1815.0521969795227
2021-11-30,15.354999542236328,15.262498,0.09250164031982422,0.6024203391565333,0.3690193908036254,0.22048489766434523,0.9894165425878685,1.7273486399158755,98.27265136008413,False,0.02811499685049057,0.0014869550941511989,1815.0521969795227
2021-12-01,16.25,15.2751045,0.9748954772949219,5.999356783353366,0.3690193908036254,0.22048489766434523,0.9894165425878685,1.7273486399158755,98.27265136008413,False,0.02811499685049057,0.0014869550941511989,1815.0521969795227
2021-12-02,15.845000267028809,15.56878,0.27622032165527344,1.743264859578757,0.3690193908036254,0.22048489766434523,0.9894165425878685,1.7273486399158755,98.27265136008413,False,0.02811499685049057,0.0014869550941511989,1815.0521969795227
2021-12-03,16.104999542236328,15.694646,0.4103536605834961,2.547989271948248,0.3690193908036254,0.22048489766434523,0.9894165425878685,1.7273486399158755,98.27265136008413,False,0.02811499685049057,0.0014869550941511989,1815.0521969795227
2021-12-06,16.364999771118164,15.789292,0.5757074356079102,3.5179189957823875,0.3690193908036254,0.22048489766434523,0.9894165425878685,1.7273486399158755,98.27265136008413,False,0.02811499685049057,0.0014869550941511989,1815.0521969795227
2021-12-07,16.799999237060547,15.963048,0.8369512557983398,4.981852939326556,0.3690193908036254,0.22048489766434523,0.9894165425878685,1.7273486399158755,98.27265136008413,False,0.02811499685049057,0.0014869550941511989,1815.0521969795227
2021-12-08,16.389999389648438,16.287992,0.10200691223144531,0.6223728860897373,0.3690193908036254,0.22048489766434523,0.9894165425878685,1.7273486399158755,98.27265136008413,False,0.02811499685049057,0.0014869550941511989,1815.0521969795227
2021-12-09,16.399999618530273,16.353922,0.046077728271484375,0.2809617642882223,0.3690193908036254,0.22048489766434523,0.9894165425878685,1.7273486399158755,98.27265136008413,False,0.02811499685049057,0.0014869550941511989,1815.0521969795227
2021-12-10,16.1299991607666,16.285728,0.1557292938232422,0.9654637441149188,0.3690193908036254,0.22048489766434523,0.9894165425878685,1.7273486399158755,98.27265136008413,False,0.02811499685049057,0.0014869550941511989,1815.0521969795227
2021-12-13,16.25,16.106482,0.14351844787597656,0.883190448467548,0.3690193908036254,0.22048489766434523,0.9894165425878685,1.7273486399158755,98.27265136008413,False,0.02811499685049057,0.0014869550941511989,1815.0521969795227
2021-12-14,16.239999771118164,16.029205,0.21079444885253906,1.2979953930013224,0.3690193908036254,0.22048489766434523,0.9894165425878685,1.7273486399158755,98.27265136008413,False,0.02811499685049057,0.0014869550941511989,1815.0521969795227
2021-12-15,16.104999542236328,16.037651,0.06734848022460938,0.4181836829487883,0.3690193908036254,0.22048489766434523,0.9894165425878685,1.7273486399158755,98.27265136008413,False,0.02811499685049057,0.0014869550941511989,1815.0521969795227
2021-12-16,15.854999542236328,16.01434,0.15933990478515625,1.0049820837943813,0.3690193908036254,0.22048489766434523,0.9894165425878685,1.7273486399158755,98.27265136008413,False,0.02811499685049057,0.0014869550941511989,1815.0521969795227
2021-12-17,15.5600004196167,15.876011,0.3160104751586914,2.0309155953510953,0.3690193908036254,0.22048489766434523,0.9894165425878685,1.7273486399158755,98.27265136008413,False,0.02811499685049057,0.0014869550941511989,1815.0521969795227
2021-12-20,14.984999656677246,15.62771,0.6427106857299805,4.289027030064639,0.3690193908036254,0.22048489766434523,0.9894165425878685,1.7273486399158755,98.27265136008413,False,0.02811499685049057,0.0014869550941511989,1815.0521969795227
2021-12-21,14.875,15.206605,0.3316049575805664,2.229277025751707,0.3690193908036254,0.22048489766434523,0.9894165425878685,1.7273486399158755,98.27265136008413,False,0.02811499685049057,0.0014869550941511989,1815.0521969795227
2021-12-22,14.800000190734863,14.858059,0.058058738708496094,0.39228877000178813,0.3690193908036254,0.22048489766434523,0.9894165425878685,1.7273486399158755,98.27265136008413,False,0.02811499685049057,0.0014869550941511989,1815.0521969795227
2021-12-23,14.649999618530272,14.669755,0.019755363464357245,0.13484890087894186,0.3690193908036254,0.22048489766434523,0.9894165425878685,1.7273486399158755,98.27265136008413,False,0.02811499685049057,0.0014869550941511989,1815.0521969795227
2021-12-27,14.625,14.553733,0.07126712799072266,0.4872966016459669,0.3690193908036254,0.22048489766434523,0.9894165425878685,1.7273486399158755,98.27265136008413,False,0.02811499685049057,0.0014869550941511989,1815.0521969795227
2021-12-28,14.670000076293944,14.486565,0.1834354400634748,1.2504119912030414,0.3690193908036254,0.22048489766434523,0.9894165425878685,1.7273486399158755,98.27265136008413,False,0.02811499685049057,0.0014869550941511989,1815.0521969795227
2021-12-29,14.59000015258789,14.472506,0.11749458312988281,0.8053089917825826,0.3690193908036254,0.22048489766434523,0.9894165425878685,1.7273486399158755,98.27265136008413,False,0.02811499685049057,0.0014869550941511989,1815.0521969795227
2021-12-30,14.5649995803833,14.437739,0.1272602081298828,0.87373986815133,0.3690193908036254,0.22048489766434523,0.9894165425878685,1.7273486399158755,98.27265136008413,False,0.02811499685049057,0.0014869550941511989,1815.0521969795227
2022-01-03,14.5649995803833,14.384715,0.1802845001220703,1.2377926901205296,0.3690193908036254,0.22048489766434523,0.9894165425878685,1.7273486399158755,98.27265136008413,False,0.02811499685049057,0.0014869550941511989,1815.0521969795227
2022-01-04,14.5600004196167,14.341361,0.21863937377929688,1.5016440074048616,0.3690193908036254,0.22048489766434523,0.9894165425878685,1.7273486399158755,98.27265136008413,False,0.02811499685049057,0.0014869550941511989,1815.0521969795227
2022-01-05,14.40999984741211,14.314811,0.09518909454345703,0.6605766519876267,0.3690193908036254,0.22048489766434523,0.9894165425878685,1.7273486399158755,98.27265136008413,False,0.02811499685049057,0.0014869550941511989,1815.0521969795227
2022-01-06,14.210000038146973,14.23949,0.029489517211914062,0.20752651043454595,0.3690193908036254,0.22048489766434523,0.9894165425878685,1.7273486399158755,98.27265136008413,False,0.02811499685049057,0.0014869550941511989,1815.0521969795227
2022-01-07,14.30500030517578,14.090484,0.21451663970947088,1.4995919967359617,0.3690193908036254,0.22048489766434523,0.9894165425878685,1.7273486399158755,98.27265136008413,False,0.02811499685049057,0.0014869550941511989,1815.0521969795227
2022-01-10,14.270000457763672,14.02128,0.2487201690673828,1.742958381841293,0.3690193908036254,0.22048489766434523,0.9894165425878685,1.7273486399158755,98.27265136008413,False,0.02811499685049057,0.0014869550941511989,1815.0521969795227
2022-01-11,14.359999656677246,14.0077305,0.35226917266845703,2.4531280020237025,0.3690193908036254,0.22048489766434523,0.9894165425878685,1.7273486399158755,98.27265136008413,False,0.02811499685049057,0.0014869550941511989,1815.0521969795227
2022-01-12,14.460000038146973,14.055312,0.40468788146972656,2.798671372075506,0.3690193908036254,0.22048489766434523,0.9894165425878685,1.7273486399158755,98.27265136008413,False,0.02811499685049057,0.0014869550941511989,1815.0521969795227
2022-01-13,14.529999732971191,14.1459465,0.38405323028564453,2.6431743795160467,0.3690193908036254,0.22048489766434523,0.9894165425878685,1.7273486399158755,98.27265136008413,False,0.02811499685049057,0.0014869550941511989,1815.0521969795227
2022-01-14,14.850000381469728,14.239101,0.610898971557619,4.113797682590748,0.3690193908036254,0.22048489766434523,0.9894165425878685,1.7273486399158755,98.27265136008413,False,0.02811499685049057,0.0014869550941511989,1815.0521969795227
2022-01-17,15.225000381469728,14.424475,0.8005256652832049,5.257968113140547,0.3690193908036254,0.22048489766434523,0.9894165425878685,1.7273486399158755,98.27265136008413,False,0.02811499685049057,0.0014869550941511989,1815.0521969795227
2022-01-18,15.154999732971191,14.725652,0.4293479919433594,2.833045196360318,0.3690193908036254,0.22048489766434523,0.9894165425878685,1.7273486399158755,98.27265136008413,False,0.02811499685049057,0.0014869550941511989,1815.0521969795227
2022-01-19,15.479999542236328,14.903992,0.5760078430175781,3.720981008080603,0.3690193908036254,0.22048489766434523,0.9894165425878685,1.7273486399158755,98.27265136008413,False,0.02811499685049057,0.0014869550941511989,1815.0521969795227
2022-01-20,15.55500030517578,15.084798,0.47020244598388494,3.0228379090897834,0.3690193908036254,0.22048489766434523,0.9894165425878685,1.7273486399158755,98.27265136008413,False,0.02811499685049057,0.0014869550941511989,1815.0521969795227
2022-01-21,15.574999809265137,15.23274,0.34225940704345703,2.19749220696527,0.3690193908036254,0.22048489766434523,0.9894165425878685,1.7273486399158755,98.27265136008413,False,0.02811499685049057,0.0014869550941511989,1815.0521969795227
2022-01-24,15.5649995803833,15.314903,0.25009632110595703,1.6067865586142098,0.3690193908036254,0.22048489766434523,0.9894165425878685,1.7273486399158755,98.27265136008413,False,0.02811499685049057,0.0014869550941511989,1815.0521969795227
2022-01-25,15.619999885559082,15.339561,0.2804384231567383,1.7953804430946745,0.3690193908036254,0.22048489766434523,0.9894165425878685,1.7273486399158755,98.27265136008413,False,0.02811499685049057,0.0014869550941511989,1815.0521969795227
2022-01-26,16.155000686645508,15.366589,0.7884120941162109,4.880297496786552,0.3690193908036254,0.22048489766434523,0.9894165425878685,1.7273486399158755,98.27265136008413,False,0.02811499685049057,0.0014869550941511989,1815.0521969795227
2022-01-27,15.994999885559082,15.623757,0.3712425231933594,2.3209910962771048,0.3690193908036254,0.22048489766434523,0.9894165425878685,1.7273486399158755,98.27265136008413,False,0.02811499685049057,0.0014869550941511989,1815.0521969795227
2022-01-28,16.145000457763672,15.797986,0.3470144271850586,2.149361519641142,0.3690193908036254,0.22048489766434523,0.9894165425878685,1.7273486399158755,98.27265136008413,False,0.02811499685049057,0.0014869550941511989,1815.0521969795227
2022-01-31,16.219999313354492,15.911512,0.3084869384765625,1.9018924262381098,0.3690193908036254,0.22048489766434523,0.9894165425878685,1.7273486399158755,98.27265136008413,False,0.02811499685049057,0.0014869550941511989,1815.0521969795227
2022-02-01,16.399999618530273,15.993363,0.40663623809814453,2.4794893143697907,0.3690193908036254,0.22048489766434523,0.9894165425878685,1.7273486399158755,98.27265136008413,False,0.02811499685049057,0.0014869550941511989,1815.0521969795227
2022-02-02,16.260000228881836,16.11039,0.1496105194091797,0.9201138825535433,0.3690193908036254,0.22048489766434523,0.9894165425878685,1.7273486399158755,98.27265136008413,False,0.02811499685049057,0.0014869550941511989,1815.0521969795227
2022-02-03,16.040000915527344,16.134825,0.09482383728027344,0.5911710216205803,0.3690193908036254,0.22048489766434523,0.9894165425878685,1.7273486399158755,98.27265136008413,False,0.02811499685049057,0.0014869550941511989,1815.0521969795227
2022-02-04,16.100000381469727,16.017042,0.08295822143554688,0.5152684439127562,0.3690193908036254,0.22048489766434523,0.9894165425878685,1.7273486399158755,98.27265136008413,False,0.02811499685049057,0.0014869550941511989,1815.0521969795227
2022-02-07,16.065000534057617,15.930313,0.1346874237060547,0.8383904091414058,0.3690193908036254,0.22048489766434523,0.9894165425878685,1.7273486399158755,98.27265136008413,False,0.02811499685049057,0.0014869550941511989,1815.0521969795227
2022-02-08,15.90999984741211,15.893511,0.016489028930664062,0.10363940344943585,0.3690193908036254,0.22048489766434523,0.9894165425878685,1.7273486399158755,98.27265136008413,False,0.02811499685049057,0.0014869550941511989,1815.0521969795227
2022-02-09,16.049999237060547,15.825806,0.22419357299804688,1.396844757975867,0.3690193908036254,0.22048489766434523,0.9894165425878685,1.7273486399158755,98.27265136008413,False,0.02811499685049057,0.0014869550941511989,1815.0521969795227
2022-02-10,16.0,15.83173,0.16827011108398438,1.0516881942749023,0.3690193908036254,0.22048489766434523,0.9894165425878685,1.7273486399158755,98.27265136008413,False,0.02811499685049057,0.0014869550941511989,1815.0521969795227
2022-02-11,16.229999542236328,15.844844,0.38515567779541016,2.3731096035652732,0.3690193908036254,0.22048489766434523,0.9894165425878685,1.7273486399158755,98.27265136008413,False,0.02811499685049057,0.0014869550941511989,1815.0521969795227
2022-02-14,16.700000762939453,15.944245,0.7557554244995117,4.525481377082807,0.3690193908036254,0.22048489766434523,0.9894165425878685,1.7273486399158755,98.27265136008413,False,0.02811499685049057,0.0014869550941511989,1815.0521969795227
2022-02-15,17.75,16.23223,1.517770767211914,8.550821223729093,0.3690193908036254,0.22048489766434523,0.9894165425878685,1.7273486399158755,98.27265136008413,False,0.02811499685049057,0.0014869550941511989,1815.0521969795227
2022-02-16,17.59000015258789,16.91042,0.6795806884765625,3.863449019791968,0.3690193908036254,0.22048489766434523,0.9894165425878685,1.7273486399158755,98.27265136008413,False,0.02811499685049057,0.0014869550941511989,1815.0521969795227
2022-02-17,17.655000686645508,17.353395,0.301605224609375,1.7083274589590556,0.3690193908036254,0.22048489766434523,0.9894165425878685,1.7273486399158755,98.27265136008413,False,0.02811499685049057,0.0014869550941511989,1815.0521969795227
2022-02-18,17.704999923706055,17.497835,0.20716476440429688,1.1700918683818478,0.3690193908036254,0.22048489766434523,0.9894165425878685,1.7273486399158755,98.27265136008413,False,0.02811499685049057,0.0014869550941511989,1815.0521969795227
2022-02-21,18.06999969482422,17.501047,0.5689525604248047,3.1486030439046964,0.3690193908036254,0.22048489766434523,0.9894165425878685,1.7273486399158755,98.27265136008413,False,0.02811499685049057,0.0014869550941511989,1815.0521969795227
2022-02-22,17.700000762939453,17.632498,0.06750297546386719,0.381372726295052,0.3690193908036254,0.22048489766434523,0.9894165425878685,1.7273486399158755,98.27265136008413,False,0.02811499685049057,0.0014869550941511989,1815.0521969795227
2022-02-23,17.899999618530273,17.617199,0.28280067443847656,1.5798920696384722,0.3690193908036254,0.22048489766434523,0.9894165425878685,1.7273486399158755,98.27265136008413,False,0.02811499685049057,0.0014869550941511989,1815.0521969795227
2022-02-24,17.315000534057617,17.638634,0.32363319396972656,1.8690914466514659,0.3690193908036254,0.22048489766434523,0.9894165425878685,1.7273486399158755,98.27265136008413,False,0.02811499685049057,0.0014869550941511989,1815.0521969795227
2022-02-25,17.354999542236328,17.437542,0.08254241943359375,0.4756117638189088,0.3690193908036254,0.22048489766434523,0.9894165425878685,1.7273486399158755,98.27265136008413,False,0.02811499685049057,0.0014869550941511989,1815.0521969795227
2022-03-02,17.549999237060547,17.260262,0.2897377014160156,1.6509271453651861,0.3690193908036254,0.22048489766434523,0.9894165425878685,1.7273486399158755,98.27265136008413,False,0.02811499685049057,0.0014869550941511989,1815.0521969795227
2022-03-03,17.424999237060547,17.279724,0.14527511596679688,0.8337166274177903,0.3690193908036254,0.22048489766434523,0.9894165425878685,1.7273486399158755,98.27265136008413,False,0.02811499685049057,0.0014869550941511989,1815.0521969795227
2022-03-04,17.315000534057617,17.315992,0.0009918212890625,0.005728104293797994,0.3690193908036254,0.22048489766434523,0.9894165425878685,1.7273486399158755,98.27265136008413,False,0.02811499685049057,0.0014869550941511989,1815.0521969795227
2022-03-07,16.760000228881836,17.27923,0.5192298889160156,3.0980303211526667,0.3690193908036254,0.22048489766434523,0.9894165425878685,1.7273486399158755,98.27265136008413,False,0.02811499685049057,0.0014869550941511989,1815.0521969795227
2022-03-08,16.329999923706055,16.987438,0.6574382781982422,4.025953957561551,0.3690193908036254,0.22048489766434523,0.9894165425878685,1.7273486399158755,98.27265136008413,False,0.02811499685049057,0.0014869550941511989,1815.0521969795227
2022-03-09,16.55500030517578,16.540028,0.014972686767578125,0.09044208089139714,0.3690193908036254,0.22048489766434523,0.9894165425878685,1.7273486399158755,98.27265136008413,False,0.02811499685049057,0.0014869550941511989,1815.0521969795227
2022-03-10,17.15999984741211,16.338501,0.8214988708496094,4.787289499734461,0.3690193908036254,0.22048489766434523,0.9894165425878685,1.7273486399158755,98.27265136008413,False,0.02811499685049057,0.0014869550941511989,1815.0521969795227
2022-03-11,17.1299991607666,16.592062,0.5379371643066406,3.1403221871644673,0.3690193908036254,0.22048489766434523,0.9894165425878685,1.7273486399158755,98.27265136008413,False,0.02811499685049057,0.0014869550941511989,1815.0521969795227
2022-03-14,16.780000686645508,16.877815,0.09781455993652344,0.5829234561019411,0.3690193908036254,0.22048489766434523,0.9894165425878685,1.7273486399158755,98.27265136008413,False,0.02811499685049057,0.0014869550941511989,1815.0521969795227
2022-03-15,16.704999923706055,16.8541,0.14909934997558594,0.8925432544540101,0.3690193908036254,0.22048489766434523,0.9894165425878685,1.7273486399158755,98.27265136008413,False,0.02811499685049057,0.0014869550941511989,1815.0521969795227
2022-03-16,16.600000381469727,16.674543,0.07454299926757812,0.44905420213597763,0.3690193908036254,0.22048489766434523,0.9894165425878685,1.7273486399158755,98.27265136008413,False,0.02811499685049057,0.0014869550941511989,1815.0521969795227
2022-03-17,16.729999542236328,16.484922,0.24507713317871094,1.4648962336190898,0.3690193908036254,0.22048489766434523,0.9894165425878685,1.7273486399158755,98.27265136008413,False,0.02811499685049057,0.0014869550941511989,1815.0521969795227
2022-03-18,16.969999313354492,16.43932,0.5306797027587891,3.127163961292398,0.3690193908036254,0.22048489766434523,0.9894165425878685,1.7273486399158755,98.27265136008413,False,0.02811499685049057,0.0014869550941511989,1815.0521969795227
2022-03-21,16.899999618530273,16.575766,0.3242340087890625,1.9185444740102298,0.3690193908036254,0.22048489766434523,0.9894165425878685,1.7273486399158755,98.27265136008413,False,0.02811499685049057,0.0014869550941511989,1815.0521969795227
2022-03-22,17.299999237060547,16.684256,0.6157436370849609,3.5592119320207685,0.3690193908036254,0.22048489766434523,0.9894165425878685,1.7273486399158755,98.27265136008413,False,0.02811499685049057,0.0014869550941511989,1815.0521969795227
2022-03-23,17.5,16.891273,0.6087265014648438,3.4784371512276784,0.3690193908036254,0.22048489766434523,0.9894165425878685,1.7273486399158755,98.27265136008413,False,0.02811499685049057,0.0014869550941511989,1815.0521969795227
2022-03-24,17.489999771118164,17.13424,0.3557605743408203,2.034079925651571,0.3690193908036254,0.22048489766434523,0.9894165425878685,1.7273486399158755,98.27265136008413,False,0.02811499685049057,0.0014869550941511989,1815.0521969795227
2022-03-25,17.674999237060547,17.270145,0.40485382080078125,2.2905450538967647,0.3690193908036254,0.22048489766434523,0.9894165425878685,1.7273486399158755,98.27265136008413,False,0.02811499685049057,0.0014869550941511989,1815.0521969795227
2022-03-28,17.71500015258789,17.380833,0.33416748046875,1.8863532463471826,0.3690193908036254,0.22048489766434523,0.9894165425878685,1.7273486399158755,98.27265136008413,False,0.02811499685049057,0.0014869550941511989,1815.0521969795227
2022-03-29,17.700000762939453,17.460888,0.23911285400390625,1.3509200208881604,0.3690193908036254,0.22048489766434523,0.9894165425878685,1.7273486399158755,98.27265136008413,False,0.02811499685049057,0.0014869550941511989,1815.0521969795227
2022-03-30,17.545000076293945,17.49307,0.051929473876953125,0.2959787611920162,0.3690193908036254,0.22048489766434523,0.9894165425878685,1.7273486399158755,98.27265136008413,False,0.02811499685049057,0.0014869550941511989,1815.0521969795227
2022-03-31,17.389999389648438,17.433928,0.04392814636230469,0.25260579588319787,0.3690193908036254,0.22048489766434523,0.9894165425878685,1.7273486399158755,98.27265136008413,False,0.02811499685049057,0.0014869550941511989,1815.0521969795227
2022-04-01,17.475000381469727,17.308779,0.16622161865234375,0.951196652496804,0.3690193908036254,0.22048489766434523,0.9894165425878685,1.7273486399158755,98.27265136008413,False,0.02811499685049057,0.0014869550941511989,1815.0521969795227
2022-04-04,17.239999771118164,17.263191,0.023191452026367188,0.13452118523353682,0.3690193908036254,0.22048489766434523,0.9894165425878685,1.7273486399158755,98.27265136008413,False,0.02811499685049057,0.0014869550941511989,1815.0521969795227
2022-04-05,17.135000228881836,17.17903,0.04402923583984375,0.25695497666600803,0.3690193908036254,0.22048489766434523,0.9894165425878685,1.7273486399158755,98.27265136008413,False,0.02811499685049057,0.0014869550941511989,1815.0521969795227
2022-04-06,16.725000381469727,17.06835,0.3433494567871094,2.052911503473085,0.3690193908036254,0.22048489766434523,0.9894165425878685,1.7273486399158755,98.27265136008413,False,0.02811499685049057,0.0014869550941511989,1815.0521969795227
2022-04-07,16.65999984741211,16.82499,0.16498947143554688,0.9903329708683977,0.3690193908036254,0.22048489766434523,0.9894165425878685,1.7273486399158755,98.27265136008413,False,0.02811499685049057,0.0014869550941511989,1815.0521969795227
2022-04-08,17.040000915527344,16.609121,0.4308795928955078,2.528635972682829,0.3690193908036254,0.22048489766434523,0.9894165425878685,1.7273486399158755,98.27265136008413,False,0.02811499685049057,0.0014869550941511989,1815.0521969795227
2022-04-11,17.325000762939453,16.670725,0.6542758941650391,3.776484071300157,0.3690193908036254,0.22048489766434523,0.9894165425878685,1.7273486399158755,98.27265136008413,False,0.02811499685049057,0.0014869550941511989,1815.0521969795227
2022-04-12,17.604999542236328,16.932787,0.6722126007080078,3.8183051302858364,0.3690193908036254,0.22048489766434523,0.9894165425878685,1.7273486399158755,98.27265136008413,False,0.02811499685049057,0.0014869550941511989,1815.0521969795227
2022-04-13,17.704999923706055,17.25099,0.454010009765625,2.5643039351710457,0.3690193908036254,0.22048489766434523,0.9894165425878685,1.7273486399158755,98.27265136008413,False,0.02811499685049057,0.0014869550941511989,1815.0521969795227
2022-04-14,17.545000076293945,17.47002,0.07497978210449219,0.427356977933569,0.3690193908036254,0.22048489766434523,0.9894165425878685,1.7273486399158755,98.27265136008413,False,0.02811499685049057,0.0014869550941511989,1815.0521969795227
2022-04-18,17.594999313354492,17.471663,0.1233367919921875,0.7009763955976722,0.3690193908036254,0.22048489766434523,0.9894165425878685,1.7273486399158755,98.27265136008413,False,0.02811499685049057,0.0014869550941511989,1815.0521969795227
2022-04-19,18.190000534057617,17.411781,0.7782192230224609,4.2782803747882285,0.3690193908036254,0.22048489766434523,0.9894165425878685,1.7273486399158755,98.27265136008413,False,0.02811499685049057,0.0014869550941511989,1815.0521969795227
2022-04-20,17.6200008392334,17.62858,0.008579254150390625,0.048690429862453324,0.3690193908036254,0.22048489766434523,0.9894165425878685,1.7273486399158755,98.27265136008413,False,0.02811499685049057,0.0014869550941511989,1815.0521969795227
2022-04-22,17.364999771118164,17.621304,0.2563037872314453,1.4759792145677721,0.3690193908036254,0.22048489766434523,0.9894165425878685,1.7273486399158755,98.27265136008413,False,0.02811499685049057,0.0014869550941511989,1815.0521969795227
2022-04-25,17.125,17.40224,0.2772407531738281,1.6189241061245438,0.3690193908036254,0.22048489766434523,0.9894165425878685,1.7273486399158755,98.27265136008413,False,0.02811499685049057,0.0014869550941511989,1815.0521969795227
2022-04-26,17.200000762939453,17.118593,0.08140754699707031,0.47329967084930463,0.3690193908036254,0.22048489766434523,0.9894165425878685,1.7273486399158755,98.27265136008413,False,0.02811499685049057,0.0014869550941511989,1815.0521969795227
2022-04-27,17.174999237060547,16.988947,0.1860523223876953,1.0832741231582006,0.3690193908036254,0.22048489766434523,0.9894165425878685,1.7273486399158755,98.27265136008413,False,0.02811499685049057,0.0014869550941511989,1815.0521969795227
2022-04-28,17.084999084472656,16.977345,0.10765457153320312,0.6301116611182188,0.3690193908036254,0.22048489766434523,0.9894165425878685,1.7273486399158755,98.27265136008413,False,0.02811499685049057,0.0014869550941511989,1815.0521969795227
2022-04-29,17.100000381469727,16.969215,0.1307849884033203,0.7648244765248332,0.3690193908036254,0.22048489766434523,0.9894165425878685,1.7273486399158755,98.27265136008413,False,0.02811499685049057,0.0014869550941511989,1815.0521969795227
2022-05-02,16.635000228881836,16.962189,0.32718849182128906,1.966867973065738,0.3690193908036254,0.22048489766434523,0.9894165425878685,1.7273486399158755,98.27265136008413,False,0.02811499685049057,0.0014869550941511989,1815.0521969795227
2022-05-03,16.489999771118164,16.755424,0.2654247283935547,1.609610261235053,0.3690193908036254,0.22048489766434523,0.9894165425878685,1.7273486399158755,98.27265136008413,False,0.02811499685049057,0.0014869550941511989,1815.0521969795227
2022-05-04,16.770000457763672,16.492748,0.277252197265625,1.6532629081549672,0.3690193908036254,0.22048489766434523,0.9894165425878685,1.7273486399158755,98.27265136008413,False,0.02811499685049057,0.0014869550941511989,1815.0521969795227
2022-05-05,17.18000030517578,16.455023,0.7249774932861328,4.219892202607938,0.3690193908036254,0.22048489766434523,0.9894165425878685,1.7273486399158755,98.27265136008413,False,0.02811499685049057,0.0014869550941511989,1815.0521969795227
2022-05-06,16.834999084472656,16.700888,0.1341114044189453,0.796622582193305,0.3690193908036254,0.22048489766434523,0.9894165425878685,1.7273486399158755,98.27265136008413,False,0.02811499685049057,0.0014869550941511989,1815.0521969795227
2022-05-09,16.684999465942383,16.780655,0.09565544128417969,0.5733020338384349,0.3690193908036254,0.22048489766434523,0.9894165425878685,1.7273486399158755,98.27265136008413,False,0.02811499685049057,0.0014869550941511989,1815.0521969795227
2022-05-10,17.079999923706055,16.666677,0.41332244873046875,2.4199206708238976,0.3690193908036254,0.22048489766434523,0.9894165425878685,1.7273486399158755,98.27265136008413,False,0.02811499685049057,0.0014869550941511989,1815.0521969795227
2022-05-11,16.764999389648438,16.704935,0.06006431579589844,0.35827210249100994,0.3690193908036254,0.22048489766434523,0.9894165425878685,1.7273486399158755,98.27265136008413,False,0.02811499685049057,0.0014869550941511989,1815.0521969795227
2022-05-12,17.399999618530273,16.66455,0.7354488372802734,4.2267175482983985,0.3690193908036254,0.22048489766434523,0.9894165425878685,1.7273486399158755,98.27265136008413,False,0.02811499685049057,0.0014869550941511989,1815.0521969795227
2022-05-13,17.704999923706055,16.87009,0.8349094390869141,4.715670390763542,0.3690193908036254,0.22048489766434523,0.9894165425878685,1.7273486399158755,98.27265136008413,False,0.02811499685049057,0.0014869550941511989,1815.0521969795227
2022-05-16,17.55500030517578,17.222876,0.3321247100830078,1.8919094520612838,0.3690193908036254,0.22048489766434523,0.9894165425878685,1.7273486399158755,98.27265136008413,False,0.02811499685049057,0.0014869550941511989,1815.0521969795227
2022-05-17,18.07999992370605,17.39277,0.6872291564941371,3.8010462355868655,0.3690193908036254,0.22048489766434523,0.9894165425878685,1.7273486399158755,98.27265136008413,False,0.02811499685049057,0.0014869550941511989,1815.0521969795227
2022-05-18,18.200000762939453,17.630869,0.5691318511962891,3.127097952408929,0.3690193908036254,0.22048489766434523,0.9894165425878685,1.7273486399158755,98.27265136008413,False,0.02811499685049057,0.0014869550941511989,1815.0521969795227
2022-05-19,17.950000762939453,17.858782,0.09121894836425781,0.5081835347472152,0.3690193908036254,0.22048489766434523,0.9894165425878685,1.7273486399158755,98.27265136008413,False,0.02811499685049057,0.0014869550941511989,1815.0521969795227
2022-05-20,18.13500022888184,17.87039,0.2646102905273473,1.4591137975610742,0.3690193908036254,0.22048489766434523,0.9894165425878685,1.7273486399158755,98.27265136008413,False,0.02811499685049057,0.0014869550941511989,1815.0521969795227
2022-05-23,18.655000686645508,17.878483,0.7765178680419922,4.162518571215467,0.3690193908036254,0.22048489766434523,0.9894165425878685,1.7273486399158755,98.27265136008413,False,0.02811499685049057,0.0014869550941511989,1815.0521969795227
2022-05-24,18.799999237060547,18.131538,0.6684608459472656,3.5556429418865347,0.3690193908036254,0.22048489766434523,0.9894165425878685,1.7273486399158755,98.27265136008413,False,0.02811499685049057,0.0014869550941511989,1815.0521969795227
2022-05-25,18.76499938964844,18.438938,0.3260612487793004,1.7376033007449467,0.3690193908036254,0.22048489766434523,0.9894165425878685,1.7273486399158755,98.27265136008413,False,0.02811499685049057,0.0014869550941511989,1815.0521969795227
2022-05-26,18.70499992370605,18.602188,0.10281181335448863,0.549648830654036,0.3690193908036254,0.22048489766434523,0.9894165425878685,1.7273486399158755,98.27265136008413,False,0.02811499685049057,0.0014869550941511989,1815.0521969795227
2022-05-27,18.68000030517578,18.611235,0.06876564025878906,0.3681244065062234,0.3690193908036254,0.22048489766434523,0.9894165425878685,1.7273486399158755,98.27265136008413,False,0.02811499685049057,0.0014869550941511989,1815.0521969795227
2022-05-30,18.600000381469727,18.560658,0.03934288024902344,0.2115208572157817,0.3690193908036254,0.22048489766434523,0.9894165425878685,1.7273486399158755,98.27265136008413,False,0.02811499685049057,0.0014869550941511989,1815.0521969795227
2022-05-31,18.06999969482422,18.491316,0.42131614685058594,2.3315780518317517,0.3690193908036254,0.22048489766434523,0.9894165425878685,1.7273486399158755,98.27265136008413,False,0.02811499685049057,0.0014869550941511989,1815.0521969795227
2022-06-01,18.5,18.22697,0.2730293273925781,1.4758342021220439,0.3690193908036254,0.22048489766434523,0.9894165425878685,1.7273486399158755,98.27265136008413,False,0.02811499685049057,0.0014869550941511989,1815.0521969795227
2022-06-02,18.45499992370605,18.19458,0.26041984558105113,1.4111072698869713,0.3690193908036254,0.22048489766434523,0.9894165425878685,1.7273486399158755,98.27265136008413,False,0.02811499685049057,0.0014869550941511989,1815.0521969795227
2022-06-03,18.30500030517578,18.267815,0.0371856689453125,0.20314486929999212,0.3690193908036254,0.22048489766434523,0.9894165425878685,1.7273486399158755,98.27265136008413,False,0.02811499685049057,0.0014869550941511989,1815.0521969795227
2022-06-06,18.1299991607666,18.266214,0.1362152099609375,0.7513249656166991,0.3690193908036254,0.22048489766434523,0.9894165425878685,1.7273486399158755,98.27265136008413,False,0.02811499685049057,0.0014869550941511989,1815.0521969795227
2022-06-07,17.799999237060547,18.149805,0.3498058319091797,1.965201387092564,0.3690193908036254,0.22048489766434523,0.9894165425878685,1.7273486399158755,98.27265136008413,False,0.02811499685049057,0.0014869550941511989,1815.0521969795227
2022-06-08,17.6200008392334,17.899342,0.2793407440185547,1.5853616953102716,0.3690193908036254,0.22048489766434523,0.9894165425878685,1.7273486399158755,98.27265136008413,False,0.02811499685049057,0.0014869550941511989,1815.0521969795227
2022-06-09,17.524999618530273,17.633781,0.10878181457519531,0.6207236344825567,0.3690193908036254,0.22048489766434523,0.9894165425878685,1.7273486399158755,98.27265136008413,False,0.02811499685049057,0.0014869550941511989,1815.0521969795227
2022-06-10,17.44499969482422,17.445765,0.0007648468017578125,0.004384332560262159,0.3690193908036254,0.22048489766434523,0.9894165425878685,1.7273486399158755,98.27265136008413,False,0.02811499685049057,0.0014869550941511989,1815.0521969795227
2022-06-13,17.05500030517578,17.334974,0.27997398376464844,1.6415947156546404,0.3690193908036254,0.22048489766434523,0.9894165425878685,1.7273486399158755,98.27265136008413,False,0.02811499685049057,0.0014869550941511989,1815.0521969795227
2022-06-14,16.834999084472656,17.126368,0.2913684844970703,1.7307306227643742,0.3690193908036254,0.22048489766434523,0.9894165425878685,1.7273486399158755,98.27265136008413,False,0.02811499685049057,0.0014869550941511989,1815.0521969795227
2022-06-15,16.920000076293945,16.865164,0.054836273193359375,0.3240914476719694,0.3690193908036254,0.22048489766434523,0.9894165425878685,1.7273486399158755,98.27265136008413,False,0.02811499685049057,0.0014869550941511989,1815.0521969795227
2022-06-17,16.875,16.736397,0.13860321044921875,0.8213523582175926,0.3690193908036254,0.22048489766434523,0.9894165425878685,1.7273486399158755,98.27265136008413,False,0.02811499685049057,0.0014869550941511989,1815.0521969795227
2022-06-20,17.104999542236328,16.695873,0.40912628173828125,2.3918520472803917,0.3690193908036254,0.22048489766434523,0.9894165425878685,1.7273486399158755,98.27265136008413,False,0.02811499685049057,0.0014869550941511989,1815.0521969795227
2022-06-21,17.350000381469727,16.789701,0.5602989196777344,3.229388515035129,0.3690193908036254,0.22048489766434523,0.9894165425878685,1.7273486399158755,98.27265136008413,False,0.02811499685049057,0.0014869550941511989,1815.0521969795227
2022-06-22,16.399999618530273,16.987741,0.5877418518066406,3.583791862669034,0.3690193908036254,0.22048489766434523,0.9894165425878685,1.7273486399158755,98.27265136008413,False,0.02811499685049057,0.0014869550941511989,1815.0521969795227
2022-06-23,16.454999923706055,16.714506,0.2595062255859375,1.577066100207496,0.3690193908036254,0.22048489766434523,0.9894165425878685,1.7273486399158755,98.27265136008413,False,0.02811499685049057,0.0014869550941511989,1815.0521969795227
2022-06-24,16.434999465942383,16.383877,0.05112266540527344,0.3110597326833686,0.3690193908036254,0.22048489766434523,0.9894165425878685,1.7273486399158755,98.27265136008413,False,0.02811499685049057,0.0014869550941511989,1815.0521969795227
2022-06-27,16.229999542236328,16.204273,0.025726318359375,0.15851090009230015,0.3690193908036254,0.22048489766434523,0.9894165425878685,1.7273486399158755,98.27265136008413,False,0.02811499685049057,0.0014869550941511989,1815.0521969795227
2022-06-28,16.700000762939453,16.08094,0.6190605163574219,3.7069490303930848,0.3690193908036254,0.22048489766434523,0.9894165425878685,1.7273486399158755,98.27265136008413,False,0.02811499685049057,0.0014869550941511989,1815.0521969795227
2022-06-29,16.614999771118164,16.22516,0.38983917236328125,2.3463086231330457,0.3690193908036254,0.22048489766434523,0.9894165425878685,1.7273486399158755,98.27265136008413,False,0.02811499685049057,0.0014869550941511989,1815.0521969795227
2022-06-30,16.325000762939453,16.373577,0.04857635498046875,0.29755805641826,0.3690193908036254,0.22048489766434523,0.9894165425878685,1.7273486399158755,98.27265136008413,False,0.02811499685049057,0.0014869550941511989,1815.0521969795227
2022-07-01,16.524999618530273,16.309443,0.21555709838867188,1.3044302775472223,0.3690193908036254,0.22048489766434523,0.9894165425878685,1.7273486399158755,98.27265136008413,False,0.02811499685049057,0.0014869550941511989,1815.0521969795227
2022-07-04,16.55500030517578,16.271433,0.2835674285888672,1.7128808418095423,0.3690193908036254,0.22048489766434523,0.9894165425878685,1.7273486399158755,98.27265136008413,False,0.02811499685049057,0.0014869550941511989,1815.0521969795227
2022-07-05,16.434999465942383,16.288849,0.1461505889892578,0.8892643367109324,0.3690193908036254,0.22048489766434523,0.9894165425878685,1.7273486399158755,98.27265136008413,False,0.02811499685049057,0.0014869550941511989,1815.0521969795227
2022-07-06,16.34000015258789,16.266184,0.07381629943847656,0.45175213432776934,0.3690193908036254,0.22048489766434523,0.9894165425878685,1.7273486399158755,98.27265136008413,False,0.02811499685049057,0.0014869550941511989,1815.0521969795227
2022-07-07,16.475000381469727,16.193645,0.2813549041748047,1.7077687263137118,0.3690193908036254,0.22048489766434523,0.9894165425878685,1.7273486399158755,98.27265136008413,False,0.02811499685049057,0.0014869550941511989,1815.0521969795227
2022-07-08,16.584999084472656,16.196238,0.3887615203857422,2.3440551211709844,0.3690193908036254,0.22048489766434523,0.9894165425878685,1.7273486399158755,98.27265136008413,False,0.02811499685049057,0.0014869550941511989,1815.0521969795227
2022-07-11,16.565000534057617,16.281034,0.283966064453125,1.7142532767764853,0.3690193908036254,0.22048489766434523,0.9894165425878685,1.7273486399158755,98.27265136008413,False,0.02811499685049057,0.0014869550941511989,1815.0521969795227
2022-07-12,16.4950008392334,16.348099,0.14690208435058594,0.8905854918247654,0.3690193908036254,0.22048489766434523,0.9894165425878685,1.7273486399158755,98.27265136008413,False,0.02811499685049057,0.0014869550941511989,1815.0521969795227
2022-07-13,16.399999618530273,16.342903,0.05709648132324219,0.34814928445930676,0.3690193908036254,0.22048489766434523,0.9894165425878685,1.7273486399158755,98.27265136008413,False,0.02811499685049057,0.0014869550941511989,1815.0521969795227
2022-07-14,16.25,16.272684,0.022684097290039062,0.13959444486177885,0.3690193908036254,0.22048489766434523,0.9894165425878685,1.7273486399158755,98.27265136008413,False,0.02811499685049057,0.0014869550941511989,1815.0521969795227
2022-07-15,16.299999237060547,16.149967,0.15003204345703125,0.9204420274812676,0.3690193908036254,0.22048489766434523,0.9894165425878685,1.7273486399158755,98.27265136008413,False,0.02811499685049057,0.0014869550941511989,1815.0521969795227
2022-07-18,16.75,16.088263,0.6617374420166016,3.9506712956215018,0.3690193908036254,0.22048489766434523,0.9894165425878685,1.7273486399158755,98.27265136008413,False,0.02811499685049057,0.0014869550941511989,1815.0521969795227
2022-07-19,16.940000534057617,16.277168,0.6628322601318359,3.9128231359805548,0.3690193908036254,0.22048489766434523,0.9894165425878685,1.7273486399158755,98.27265136008413,False,0.02811499685049057,0.0014869550941511989,1815.0521969795227
2022-07-20,17.270000457763672,16.561003,0.7089977264404297,4.105371787188935,0.3690193908036254,0.22048489766434523,0.9894165425878685,1.7273486399158755,98.27265136008413,False,0.02811499685049057,0.0014869550941511989,1815.0521969795227
2022-07-21,17.309999465942383,16.877949,0.4320507049560547,2.49596024428608,0.3690193908036254,0.22048489766434523,0.9894165425878685,1.7273486399158755,98.27265136008413,False,0.02811499685049057,0.0014869550941511989,1815.0521969795227
2022-07-22,17.459999084472656,17.075504,0.3844947814941406,2.202146630328724,0.3690193908036254,0.22048489766434523,0.9894165425878685,1.7273486399158755,98.27265136008413,False,0.02811499685049057,0.0014869550941511989,1815.0521969795227
2022-07-25,17.274999618530273,17.198118,0.07688140869140625,0.4450443437864874,0.3690193908036254,0.22048489766434523,0.9894165425878685,1.7273486399158755,98.27265136008413,False,0.02811499685049057,0.0014869550941511989,1815.0521969795227
2022-07-26,17.68000030517578,17.167248,0.5127525329589844,2.9001839598887176,0.3690193908036254,0.22048489766434523,0.9894165425878685,1.7273486399158755,98.27265136008413,False,0.02811499685049057,0.0014869550941511989,1815.0521969795227
2022-07-27,17.704999923706055,17.273153,0.43184661865234375,2.4391223977026066,0.3690193908036254,0.22048489766434523,0.9894165425878685,1.7273486399158755,98.27265136008413,False,0.02811499685049057,0.0014869550941511989,1815.0521969795227
2022-07-28,17.825000762939453,17.416018,0.4089832305908203,2.2944359780401853,0.3690193908036254,0.22048489766434523,0.9894165425878685,1.7273486399158755,98.27265136008413,False,0.02811499685049057,0.0014869550941511989,1815.0521969795227
2022-07-29,18.084999084472656,17.557219,0.5277805328369141,2.918333201852654,0.3690193908036254,0.22048489766434523,0.9894165425878685,1.7273486399158755,98.27265136008413,False,0.02811499685049057,0.0014869550941511989,1815.0521969795227
2022-08-01,17.989999771118164,17.75088,0.2391204833984375,1.3291855833279704,0.3690193908036254,0.22048489766434523,0.9894165425878685,1.7273486399158755,98.27265136008413,False,0.02811499685049057,0.0014869550941511989,1815.0521969795227
2022-08-02,17.850000381469727,17.842754,0.0072460174560546875,0.040593934460510454,0.3690193908036254,0.22048489766434523,0.9894165425878685,1.7273486399158755,98.27265136008413,False,0.02811499685049057,0.0014869550941511989,1815.0521969795227
2022-08-03,18.114999771118164,17.792385,0.3226146697998047,1.7809256079272422,0.3690193908036254,0.22048489766434523,0.9894165425878685,1.7273486399158755,98.27265136008413,False,0.02811499685049057,0.0014869550941511989,1815.0521969795227
2022-08-04,18.34499931335449,17.834206,0.5107936859130824,2.7843756066060097,0.3690193908036254,0.22048489766434523,0.9894165425878685,1.7273486399158755,98.27265136008413,False,0.02811499685049057,0.0014869550941511989,1815.0521969795227
2022-08-05,18.549999237060547,18.007942,0.5420570373535156,2.9221404832758933,0.3690193908036254,0.22048489766434523,0.9894165425878685,1.7273486399158755,98.27265136008413,False,0.02811499685049057,0.0014869550941511989,1815.0521969795227
2022-08-08,18.975000381469727,18.240234,0.7347660064697266,3.8722845412286344,0.3690193908036254,0.22048489766434523,0.9894165425878685,1.7273486399158755,98.27265136008413,False,0.02811499685049057,0.0014869550941511989,1815.0521969795227
2022-08-09,19.549999237060547,18.567318,0.9826812744140625,5.026502878584328,0.3690193908036254,0.22048489766434523,0.9894165425878685,1.7273486399158755,98.27265136008413,False,0.02811499685049057,0.0014869550941511989,1815.0521969795227
2022-08-10,19.959999084472656,19.030493,0.9295063018798828,4.656845413399679,0.3690193908036254,0.22048489766434523,0.9894165425878685,1.7273486399158755,98.27265136008413,False,0.02811499685049057,0.0014869550941511989,1815.0521969795227
2022-08-11,21.075000762939453,19.508696,1.566305160522461,7.432052687166779,0.3690193908036254,0.22048489766434523,0.9894165425878685,1.7273486399158755,98.27265136008413,False,0.02811499685049057,0.0014869550941511989,1815.0521969795227
2022-08-12,21.01499938964844,20.251566,0.763433456420902,3.632802658071709,0.3690193908036254,0.22048489766434523,0.9894165425878685,1.7273486399158755,98.27265136008413,False,0.02811499685049057,0.0014869550941511989,1815.0521969795227
2022-08-15,21.84499931335449,20.733683,1.1113166809081996,5.087281830349242,0.3690193908036254,0.22048489766434523,0.9894165425878685,1.7273486399158755,98.27265136008413,False,0.02811499685049057,0.0014869550941511989,1815.0521969795227
2022-08-16,21.5,21.24063,0.2593708038330078,1.2063758317814317,0.3690193908036254,0.22048489766434523,0.9894165425878685,1.7273486399158755,98.27265136008413,False,0.02811499685049057,0.0014869550941511989,1815.0521969795227
2022-08-17,21.415000915527344,21.403503,0.01149749755859375,0.05368898933951143,0.3690193908036254,0.22048489766434523,0.9894165425878685,1.7273486399158755,98.27265136008413,False,0.02811499685049057,0.0014869550941511989,1815.0521969795227
2022-08-18,21.405000686645508,21.333323,0.07167816162109375,0.3348664299077246,0.3690193908036254,0.22048489766434523,0.9894165425878685,1.7273486399158755,98.27265136008413,False,0.02811499685049057,0.0014869550941511989,1815.0521969795227
2022-08-19,20.63999938964844,21.24418,0.604181289672848,2.9272350171476385,0.3690193908036254,0.22048489766434523,0.9894165425878685,1.7273486399158755,98.27265136008413,False,0.02811499685049057,0.0014869550941511989,1815.0521969795227
2022-08-22,20.51499938964844,20.892382,0.37738227844237926,1.8395432106754077,0.3690193908036254,0.22048489766434523,0.9894165425878685,1.7273486399158755,98.27265136008413,False,0.02811499685049057,0.0014869550941511989,1815.0521969795227
2022-08-23,20.45499992370605,20.56301,0.1080093383789098,0.5280339221792605,0.3690193908036254,0.22048489766434523,0.9894165425878685,1.7273486399158755,98.27265136008413,False,0.02811499685049057,0.0014869550941511989,1815.0521969795227
2022-08-24,20.78499984741211,20.398151,0.38684844970703125,1.8611905342650115,0.3690193908036254,0.22048489766434523,0.9894165425878685,1.7273486399158755,98.27265136008413,False,0.02811499685049057,0.0014869550941511989,1815.0521969795227
2022-08-25,20.604999542236328,20.518589,0.0864105224609375,0.4193667769019474,0.3690193908036254,0.22048489766434523,0.9894165425878685,1.7273486399158755,98.27265136008413,False,0.02811499685049057,0.0014869550941511989,1815.0521969795227
2022-08-26,20.940000534057617,20.604507,0.3354930877685547,1.602163702063407,0.3690193908036254,0.22048489766434523,0.9894165425878685,1.7273486399158755,98.27265136008413,False,0.02811499685049057,0.0014869550941511989,1815.0521969795227
2022-08-29,20.76499938964844,20.753935,0.011064529418948865,0.05328451598445336,0.3690193908036254,0.22048489766434523,0.9894165425878685,1.7273486399158755,98.27265136008413,False,0.02811499685049057,0.0014869550941511989,1815.0521969795227
2022-08-30,21.325000762939453,20.775862,0.5491390228271484,2.575094973883859,0.3690193908036254,0.22048489766434523,0.9894165425878685,1.7273486399158755,98.27265136008413,False,0.02811499685049057,0.0014869550941511989,1815.0521969795227
2022-08-31,21.19499969482422,20.9634,0.2315998077392578,1.0927096535689693,0.3690193908036254,0.22048489766434523,0.9894165425878685,1.7273486399158755,98.27265136008413,False,0.02811499685049057,0.0014869550941511989,1815.0521969795227
2022-09-01,21.0,21.072756,0.07275581359863281,0.3464562552315848,0.3690193908036254,0.22048489766434523,0.9894165425878685,1.7273486399158755,98.27265136008413,False,0.02811499685049057,0.0014869550941511989,1815.0521969795227
2022-09-02,21.290000915527344,20.997246,0.292755126953125,1.375082735386879,0.3690193908036254,0.22048489766434523,0.9894165425878685,1.7273486399158755,98.27265136008413,False,0.02811499685049057,0.0014869550941511989,1815.0521969795227
2022-09-05,21.450000762939453,21.013065,0.4369354248046875,2.0369949149820497,0.3690193908036254,0.22048489766434523,0.9894165425878685,1.7273486399158755,98.27265136008413,False,0.02811499685049057,0.0014869550941511989,1815.0521969795227
2022-09-06,20.155000686645508,21.139421,0.9844207763671875,4.884250770675758,0.3690193908036254,0.22048489766434523,0.9894165425878685,1.7273486399158755,98.27265136008413,False,0.02811499685049057,0.0014869550941511989,1815.0521969795227
2022-09-08,19.989999771118164,20.685143,0.6951427459716797,3.4774524959026354,0.3690193908036254,0.22048489766434523,0.9894165425878685,1.7273486399158755,98.27265136008413,False,0.02811499685049057,0.0014869550941511989,1815.0521969795227
2022-09-09,19.96500015258789,20.135536,0.17053604125976562,0.8541750060425645,0.3690193908036254,0.22048489766434523,0.9894165425878685,1.7273486399158755,98.27265136008413,False,0.02811499685049057,0.0014869550941511989,1815.0521969795227
2022-09-12,20.450000762939453,19.83318,0.6168212890625,3.0162409097819465,0.3690193908036254,0.22048489766434523,0.9894165425878685,1.7273486399158755,98.27265136008413,False,0.02811499685049057,0.0014869550941511989,1815.0521969795227
2022-09-13,20.030000686645508,19.981737,0.0482635498046875,0.24095630629142212,0.3690193908036254,0.22048489766434523,0.9894165425878685,1.7273486399158755,98.27265136008413,False,0.02811499685049057,0.0014869550941511989,1815.0521969795227
2022-09-14,20.075000762939453,20.039215,0.035785675048828125,0.17825989384215724,0.3690193908036254,0.22048489766434523,0.9894165425878685,1.7273486399158755,98.27265136008413,False,0.02811499685049057,0.0014869550941511989,1815.0521969795227
2022-09-15,20.165000915527344,20.015152,0.14984893798828125,0.7431139657072636,0.3690193908036254,0.22048489766434523,0.9894165425878685,1.7273486399158755,98.27265136008413,False,0.02811499685049057,0.0014869550941511989,1815.0521969795227
2022-09-16,19.81999969482422,20.00859,0.18859100341796875,0.9515186999080393,0.3690193908036254,0.22048489766434523,0.9894165425878685,1.7273486399158755,98.27265136008413,False,0.02811499685049057,0.0014869550941511989,1815.0521969795227
2022-09-19,19.5049991607666,19.85895,0.35395050048828125,1.8146655509744198,0.3690193908036254,0.22048489766434523,0.9894165425878685,1.7273486399158755,98.27265136008413,False,0.02811499685049057,0.0014869550941511989,1815.0521969795227
2022-09-20,20.14999961853028,19.576096,0.573904037475593,2.8481590488360164,0.3690193908036254,0.22048489766434523,0.9894165425878685,1.7273486399158755,98.27265136008413,False,0.02811499685049057,0.0014869550941511989,1815.0521969795227
2022-09-21,20.48500061035156,19.654163,0.8308372497558558,4.055832194293487,0.3690193908036254,0.22048489766434523,0.9894165425878685,1.7273486399158755,98.27265136008413,False,0.02811499685049057,0.0014869550941511989,1815.0521969795227
2022-09-22,20.375,19.99196,0.3830394744873047,1.8799483410419864,0.3690193908036254,0.22048489766434523,0.9894165425878685,1.7273486399158755,98.27265136008413,False,0.02811499685049057,0.0014869550941511989,1815.0521969795227
2022-09-23,20.39999961853028,20.200382,0.19961738586426492,0.9785166156716152,0.3690193908036254,0.22048489766434523,0.9894165425878685,1.7273486399158755,98.27265136008413,False,0.02811499685049057,0.0014869550941511989,1815.0521969795227
2022-09-26,20.14999961853028,20.253511,0.10351181030272727,0.5137062643293355,0.3690193908036254,0.22048489766434523,0.9894165425878685,1.7273486399158755,98.27265136008413,False,0.02811499685049057,0.0014869550941511989,1815.0521969795227
2022-09-27,19.3700008392334,20.122667,0.7526664733886719,3.8857327866716806,0.3690193908036254,0.22048489766434523,0.9894165425878685,1.7273486399158755,98.27265136008413,False,0.02811499685049057,0.0014869550941511989,1815.0521969795227
2022-09-28,19.225000381469727,19.654953,0.42995262145996094,2.236424514583503,0.3690193908036254,0.22048489766434523,0.9894165425878685,1.7273486399158755,98.27265136008413,False,0.02811499685049057,0.0014869550941511989,1815.0521969795227
2022-09-29,19.049999237060547,19.221619,0.17161941528320312,0.9008893551519341,0.3690193908036254,0.22048489766434523,0.9894165425878685,1.7273486399158755,98.27265136008413,False,0.02811499685049057,0.0014869550941511989,1815.0521969795227
2022-09-30,19.1299991607666,18.952662,0.177337646484375,0.9270133521389475,0.3690193908036254,0.22048489766434523,0.9894165425878685,1.7273486399158755,98.27265136008413,False,0.02811499685049057,0.0014869550941511989,1815.0521969795227
2022-10-03,20.52499961853028,18.905317,1.6196823120117259,7.891265978633452,0.3690193908036254,0.22048489766434523,0.9894165425878685,1.7273486399158755,98.27265136008413,False,0.02811499685049057,0.0014869550941511989,1815.0521969795227
2022-10-04,21.01000022888184,19.560045,1.4499549865722692,6.9012611650477655,0.3690193908036254,0.22048489766434523,0.9894165425878685,1.7273486399158755,98.27265136008413,False,0.02811499685049057,0.0014869550941511989,1815.0521969795227
2022-10-05,19.6299991607666,20.38606,0.7560615539550781,3.851561825158795,0.3690193908036254,0.22048489766434523,0.9894165425878685,1.7273486399158755,98.27265136008413,False,0.02811499685049057,0.0014869550941511989,1815.0521969795227
2022-10-06,20.100000381469727,20.240662,0.14066123962402344,0.699807149027219,0.3690193908036254,0.22048489766434523,0.9894165425878685,1.7273486399158755,98.27265136008413,False,0.02811499685049057,0.0014869550941511989,1815.0521969795227
2022-10-07,20.280000686645508,19.96714,0.31286048889160156,1.5427045281000504,0.3690193908036254,0.22048489766434523,0.9894165425878685,1.7273486399158755,98.27265136008413,False,0.02811499685049057,0.0014869550941511989,1815.0521969795227
2022-10-10,20.53499984741211,19.916025,0.6189746856689453,3.0142424653923268,0.3690193908036254,0.22048489766434523,0.9894165425878685,1.7273486399158755,98.27265136008413,False,0.02811499685049057,0.0014869550941511989,1815.0521969795227
2022-10-11,19.895000457763672,20.096136,0.20113563537597656,1.010985829344311,0.3690193908036254,0.22048489766434523,0.9894165425878685,1.7273486399158755,98.27265136008413,False,0.02811499685049057,0.0014869550941511989,1815.0521969795227
2022-10-13,19.39999961853028,19.998978,0.598978042602532,3.0875157442292247,0.3690193908036254,0.22048489766434523,0.9894165425878685,1.7273486399158755,98.27265136008413,False,0.02811499685049057,0.0014869550941511989,1815.0521969795227
2022-10-14,19.82999992370605,19.615076,0.21492385864257457,1.0838318682272954,0.3690193908036254,0.22048489766434523,0.9894165425878685,1.7273486399158755,98.27265136008413,False,0.02811499685049057,0.0014869550941511989,1815.0521969795227
2022-10-17,19.64999961853028,19.505287,0.1447124481201243,0.736450131956532,0.3690193908036254,0.22048489766434523,0.9894165425878685,1.7273486399158755,98.27265136008413,False,0.02811499685049057,0.0014869550941511989,1815.0521969795227
2022-10-18,19.979999542236328,19.500397,0.4796028137207031,2.400414538082727,0.3690193908036254,0.22048489766434523,0.9894165425878685,1.7273486399158755,98.27265136008413,False,0.02811499685049057,0.0014869550941511989,1815.0521969795227
2022-10-19,20.684999465942383,19.661657,1.0233421325683594,4.9472669035030945,0.3690193908036254,0.22048489766434523,0.9894165425878685,1.7273486399158755,98.27265136008413,False,0.02811499685049057,0.0014869550941511989,1815.0521969795227
2022-10-20,20.950000762939453,20.112991,0.8370094299316406,3.9952715964207033,0.3690193908036254,0.22048489766434523,0.9894165425878685,1.7273486399158755,98.27265136008413,False,0.02811499685049057,0.0014869550941511989,1815.0521969795227
2022-10-21,21.709999084472656,20.570894,1.1391048431396484,5.246913363319092,0.3690193908036254,0.22048489766434523,0.9894165425878685,1.7273486399158755,98.27265136008413,False,0.02811499685049057,0.0014869550941511989,1815.0521969795227
2022-10-24,21.809999465942383,21.125235,0.6847648620605469,3.1396830757829597,0.3690193908036254,0.22048489766434523,0.9894165425878685,1.7273486399158755,98.27265136008413,False,0.02811499685049057,0.0014869550941511989,1815.0521969795227
2022-10-25,20.049999237060547,21.501957,1.4519577026367188,7.2416845779869705,0.3690193908036254,0.22048489766434523,0.9894165425878685,1.7273486399158755,98.27265136008413,False,0.02811499685049057,0.0014869550941511989,1815.0521969795227
2022-10-26,19.55500030517578,20.868004,1.3130035400390625,6.714413293522369,0.3690193908036254,0.22048489766434523,0.9894165425878685,1.7273486399158755,98.27265136008413,False,0.02811499685049057,0.0014869550941511989,1815.0521969795227
2022-10-27,19.25,19.939035,0.6890354156494141,3.579404756620333,0.3690193908036254,0.22048489766434523,0.9894165425878685,1.7273486399158755,98.27265136008413,False,0.02811499685049057,0.0014869550941511989,1815.0521969795227
2022-10-28,19.1200008392334,19.268433,0.14843177795410156,0.7763167962290363,0.3690193908036254,0.22048489766434523,0.9894165425878685,1.7273486399158755,98.27265136008413,False,0.02811499685049057,0.0014869550941511989,1815.0521969795227
2022-10-31,18.32999992370605,18.977806,0.6478061676025426,3.5341307708612684,0.3690193908036254,0.22048489766434523,0.9894165425878685,1.7273486399158755,98.27265136008413,False,0.02811499685049057,0.0014869550941511989,1815.0521969795227
2022-11-01,18.700000762939453,18.618565,0.0814361572265625,0.43548745403238986,0.3690193908036254,0.22048489766434523,0.9894165425878685,1.7273486399158755,98.27265136008413,False,0.02811499685049057,0.0014869550941511989,1815.0521969795227
2022-11-03,19.5,18.522966,0.9770336151123047,5.010428795447716,0.3690193908036254,0.22048489766434523,0.9894165425878685,1.7273486399158755,98.27265136008413,False,0.02811499685049057,0.0014869550941511989,1815.0521969795227
2022-11-04,19.479999542236328,18.9184,0.5615997314453125,2.8829555679796495,0.3690193908036254,0.22048489766434523,0.9894165425878685,1.7273486399158755,98.27265136008413,False,0.02811499685049057,0.0014869550941511989,1815.0521969795227
2022-11-07,19.45499992370605,19.284828,0.17017173767089488,0.8746941060818995,0.3690193908036254,0.22048489766434523,0.9894165425878685,1.7273486399158755,98.27265136008413,False,0.02811499685049057,0.0014869550941511989,1815.0521969795227
2022-11-08,18.88999938964844,19.40566,0.5156612396240199,2.7298107797007014,0.3690193908036254,0.22048489766434523,0.9894165425878685,1.7273486399158755,98.27265136008413,False,0.02811499685049057,0.0014869550941511989,1815.0521969795227
2022-11-09,18.81999969482422,19.116894,0.2968940734863281,1.5775455807684122,0.3690193908036254,0.22048489766434523,0.9894165425878685,1.7273486399158755,98.27265136008413,False,0.02811499685049057,0.0014869550941511989,1815.0521969795227
2022-11-10,18.5,18.773272,0.2732715606689453,1.4771435711834882,0.3690193908036254,0.22048489766434523,0.9894165425878685,1.7273486399158755,98.27265136008413,False,0.02811499685049057,0.0014869550941511989,1815.0521969795227
2022-11-11,18.155000686645508,18.451302,0.29630088806152344,1.6320621143213563,0.3690193908036254,0.22048489766434523,0.9894165425878685,1.7273486399158755,98.27265136008413,False,0.02811499685049057,0.0014869550941511989,1815.0521969795227
2022-11-14,18.0,18.138815,0.13881492614746094,0.7711940341525608,0.3690193908036254,0.22048489766434523,0.9894165425878685,1.7273486399158755,98.27265136008413,False,0.02811499685049057,0.0014869550941511989,1815.0521969795227
2022-11-16,17.8799991607666,17.905666,0.025667190551757812,0.14355252660234094,0.3690193908036254,0.22048489766434523,0.9894165425878685,1.7273486399158755,98.27265136008413,False,0.02811499685049057,0.0014869550941511989,1815.0521969795227
2022-11-17,17.510000228881836,17.758862,0.24886131286621094,1.421252482085792,0.3690193908036254,0.22048489766434523,0.9894165425878685,1.7273486399158755,98.27265136008413,False,0.02811499685049057,0.0014869550941511989,1815.0521969795227
2022-11-18,17.28499984741211,17.54656,0.26156044006347656,1.5132221138123823,0.3690193908036254,0.22048489766434523,0.9894165425878685,1.7273486399158755,98.27265136008413,False,0.02811499685049057,0.0014869550941511989,1815.0521969795227
2022-11-21,17.264999389648438,17.295877,0.030878067016601562,0.17884777357776857,0.3690193908036254,0.22048489766434523,0.9894165425878685,1.7273486399158755,98.27265136008413,False,0.02811499685049057,0.0014869550941511989,1815.0521969795227
2022-11-22,17.295000076293945,17.132406,0.16259384155273438,0.9401205020842981,0.3690193908036254,0.22048489766434523,0.9894165425878685,1.7273486399158755,98.27265136008413,False,0.02811499685049057,0.0014869550941511989,1815.0521969795227
2022-11-23,16.899999618530273,17.085556,0.18555641174316406,1.0979669581750036,0.3690193908036254,0.22048489766434523,0.9894165425878685,1.7273486399158755,98.27265136008413,False,0.02811499685049057,0.0014869550941511989,1815.0521969795227
2022-11-24,17.295000076293945,16.92283,0.37216949462890625,2.151890679312772,0.3690193908036254,0.22048489766434523,0.9894165425878685,1.7273486399158755,98.27265136008413,False,0.02811499685049057,0.0014869550941511989,1815.0521969795227
2022-11-25,17.55500030517578,16.938969,0.6160316467285156,3.5091520137820194,0.3690193908036254,0.22048489766434523,0.9894165425878685,1.7273486399158755,98.27265136008413,False,0.02811499685049057,0.0014869550941511989,1815.0521969795227
2022-11-28,17.19499969482422,17.135391,0.05960845947265625,0.34666159075651914,0.3690193908036254,0.22048489766434523,0.9894165425878685,1.7273486399158755,98.27265136008413,False,0.02811499685049057,0.0014869550941511989,1815.0521969795227
2022-11-29,17.5,17.140982,0.35901832580566406,2.0515332903180807,0.3690193908036254,0.22048489766434523,0.9894165425878685,1.7273486399158755,98.27265136008413,False,0.02811499685049057,0.0014869550941511989,1815.0521969795227
2022-11-30,17.709999084472656,17.180836,0.5291633605957031,2.9879355615531913,0.3690193908036254,0.22048489766434523,0.9894165425878685,1.7273486399158755,98.27265136008413,False,0.02811499685049057,0.0014869550941511989,1815.0521969795227
2022-12-01,17.559999465942383,17.321154,0.2388458251953125,1.360169888720976,0.3690193908036254,0.22048489766434523,0.9894165425878685,1.7273486399158755,98.27265136008413,False,0.02811499685049057,0.0014869550941511989,1815.0521969795227
2022-12-02,17.764999389648438,17.37103,0.3939685821533203,2.2176672991212345,0.3690193908036254,0.22048489766434523,0.9894165425878685,1.7273486399158755,98.27265136008413,False,0.02811499685049057,0.0014869550941511989,1815.0521969795227
2022-12-05,17.975000381469727,17.445646,0.5293540954589844,2.9449462265641504,0.3690193908036254,0.22048489766434523,0.9894165425878685,1.7273486399158755,98.27265136008413,False,0.02811499685049057,0.0014869550941511989,1815.0521969795227
2022-12-06,17.69499969482422,17.59929,0.09570884704589844,0.5408807499097796,0.3690193908036254,0.22048489766434523,0.9894165425878685,1.7273486399158755,98.27265136008413,False,0.02811499685049057,0.0014869550941511989,1815.0521969795227
2022-12-07,17.799999237060547,17.597628,0.20237159729003906,1.136919134629459,0.3690193908036254,0.22048489766434523,0.9894165425878685,1.7273486399158755,98.27265136008413,False,0.02811499685049057,0.0014869550941511989,1815.0521969795227
2022-12-08,17.739999771118164,17.579521,0.1604785919189453,0.9046143967837844,0.3690193908036254,0.22048489766434523,0.9894165425878685,1.7273486399158755,98.27265136008413,False,0.02811499685049057,0.0014869550941511989,1815.0521969795227
2022-12-09,17.545000076293945,17.555647,0.010646820068359375,0.06068292973532046,0.3690193908036254,0.22048489766434523,0.9894165425878685,1.7273486399158755,98.27265136008413,False,0.02811499685049057,0.0014869550941511989,1815.0521969795227
2022-12-12,17.450000762939453,17.462578,0.012577056884765625,0.07207482140331449,0.3690193908036254,0.22048489766434523,0.9894165425878685,1.7273486399158755,98.27265136008413,False,0.02811499685049057,0.0014869550941511989,1815.0521969795227
2022-12-13,16.905000686645508,17.348125,0.44312477111816406,2.6212644372633513,0.3690193908036254,0.22048489766434523,0.9894165425878685,1.7273486399158755,98.27265136008413,False,0.02811499685049057,0.0014869550941511989,1815.0521969795227
2022-12-14,15.75,17.051962,1.301961898803711,8.266424754309277,0.3690193908036254,0.22048489766434523,0.9894165425878685,1.7273486399158755,98.27265136008413,False,0.02811499685049057,0.0014869550941511989,1815.0521969795227
2022-12-15,15.359999656677246,16.327663,0.9676637649536133,6.299894443897033,0.3690193908036254,0.22048489766434523,0.9894165425878685,1.7273486399158755,98.27265136008413,False,0.02811499685049057,0.0014869550941511989,1815.0521969795227
2022-12-16,16.0,15.600373,0.3996267318725586,2.497667074203491,0.3690193908036254,0.22048489766434523,0.9894165425878685,1.7273486399158755,98.27265136008413,False,0.02811499685049057,0.0014869550941511989,1815.0521969795227
2022-12-19,16.354999542236328,15.4941845,0.8608150482177734,5.263314413398439,0.3690193908036254,0.22048489766434523,0.9894165425878685,1.7273486399158755,98.27265136008413,False,0.02811499685049057,0.0014869550941511989,1815.0521969795227
2022-12-20,16.469999313354492,15.836501,0.6334981918334961,3.8463765527897262,0.3690193908036254,0.22048489766434523,0.9894165425878685,1.7273486399158755,98.27265136008413,False,0.02811499685049057,0.0014869550941511989,1815.0521969795227
2022-12-21,17.049999237060547,16.19854,0.8514595031738281,4.993897602781485,0.3690193908036254,0.22048489766434523,0.9894165425878685,1.7273486399158755,98.27265136008413,False,0.02811499685049057,0.0014869550941511989,1815.0521969795227
2022-12-22,17.15999984741211,16.607525,0.5524749755859375,3.2195511684066593,0.3690193908036254,0.22048489766434523,0.9894165425878685,1.7273486399158755,98.27265136008413,False,0.02811499685049057,0.0014869550941511989,1815.0521969795227
2022-12-23,17.264999389648438,16.883366,0.3816337585449219,2.2104475646476867,0.3690193908036254,0.22048489766434523,0.9894165425878685,1.7273486399158755,98.27265136008413,False,0.02811499685049057,0.0014869550941511989,1815.0521969795227
2022-12-26,17.78499984741211,17.010025,0.7749748229980469,4.3574631973405005,0.3690193908036254,0.22048489766434523,0.9894165425878685,1.7273486399158755,98.27265136008413,False,0.02811499685049057,0.0014869550941511989,1815.0521969795227
2022-12-27,17.725000381469727,17.249414,0.4755859375,2.6831364020572464,0.3690193908036254,0.22048489766434523,0.9894165425878685,1.7273486399158755,98.27265136008413,False,0.02811499685049057,0.0014869550941511989,1815.0521969795227
2022-12-28,17.049999237060547,17.41362,0.3636207580566406,2.1326731632119977,0.3690193908036254,0.22048489766434523,0.9894165425878685,1.7273486399158755,98.27265136008413,False,0.02811499685049057,0.0014869550941511989,1815.0521969795227
2022-12-29,17.415000915527344,17.181995,0.23300552368164062,1.337958721976817,0.3690193908036254,0.22048489766434523,0.9894165425878685,1.7273486399158755,98.27265136008413,False,0.02811499685049057,0.0014869550941511989,1815.0521969795227
2023-01-02,17.110000610351562,17.070665,0.03933525085449219,0.2298962562905716,0.3690193908036254,0.22048489766434523,0.9894165425878685,1.7273486399158755,98.27265136008413,False,0.02811499685049057,0.0014869550941511989,1815.0521969795227
2023-01-03,16.6299991607666,16.970642,0.34064292907714844,2.0483640785790973,0.3690193908036254,0.22048489766434523,0.9894165425878685,1.7273486399158755,98.27265136008413,False,0.02811499685049057,0.0014869550941511989,1815.0521969795227
2023-01-04,16.415000915527344,16.715446,0.300445556640625,1.8303109344113795,0.3690193908036254,0.22048489766434523,0.9894165425878685,1.7273486399158755,98.27265136008413,False,0.02811499685049057,0.0014869550941511989,1815.0521969795227
2023-01-05,16.645000457763672,16.428751,0.2162494659423828,1.2991857013828936,0.3690193908036254,0.22048489766434523,0.9894165425878685,1.7273486399158755,98.27265136008413,False,0.02811499685049057,0.0014869550941511989,1815.0521969795227
2023-01-06,17.325000762939453,16.372469,0.9525318145751953,5.4980188896314,0.3690193908036254,0.22048489766434523,0.9894165425878685,1.7273486399158755,98.27265136008413,False,0.02811499685049057,0.0014869550941511989,1815.0521969795227
2023-01-09,17.364999771118164,16.729671,0.6353282928466797,3.6586714726214464,0.3690193908036254,0.22048489766434523,0.9894165425878685,1.7273486399158755,98.27265136008413,False,0.02811499685049057,0.0014869550941511989,1815.0521969795227
2023-01-10,17.25,17.090126,0.15987396240234375,0.9268055791440218,0.3690193908036254,0.22048489766434523,0.9894165425878685,1.7273486399158755,98.27265136008413,False,0.02811499685049057,0.0014869550941511989,1815.0521969795227
2023-01-11,17.649999618530273,17.201294,0.44870567321777344,2.5422418295504614,0.3690193908036254,0.22048489766434523,0.9894165425878685,1.7273486399158755,98.27265136008413,False,0.02811499685049057,0.0014869550941511989,1815.0521969795227
2023-01-12,17.78499984741211,17.32849,0.4565105438232422,2.5668290567327103,0.3690193908036254,0.22048489766434523,0.9894165425878685,1.7273486399158755,98.27265136008413,False,0.02811499685049057,0.0014869550941511989,1815.0521969795227
2023-01-13,17.75,17.477262,0.2727375030517578,1.5365493129676495,0.3690193908036254,0.22048489766434523,0.9894165425878685,1.7273486399158755,98.27265136008413,False,0.02811499685049057,0.0014869550941511989,1815.0521969795227
2023-01-16,17.829999923706055,17.5489,0.2810993194580078,1.5765525555850923,0.3690193908036254,0.22048489766434523,0.9894165425878685,1.7273486399158755,98.27265136008413,False,0.02811499685049057,0.0014869550941511989,1815.0521969795227
2023-01-17,17.895000457763672,17.592949,0.3020515441894531,1.6879102344946255,0.3690193908036254,0.22048489766434523,0.9894165425878685,1.7273486399158755,98.27265136008413,False,0.02811499685049057,0.0014869550941511989,1815.0521969795227
2023-01-18,19.02499961853028,17.645338,1.3796615600586009,7.251834889472562,0.3690193908036254,0.22048489766434523,0.9894165425878685,1.7273486399158755,98.27265136008413,False,0.02811499685049057,0.0014869550941511989,1815.0521969795227
2023-01-19,19.0,18.174599,0.8254013061523438,4.344217400801809,0.3690193908036254,0.22048489766434523,0.9894165425878685,1.7273486399158755,98.27265136008413,False,0.02811499685049057,0.0014869550941511989,1815.0521969795227
2023-01-20,19.604999542236328,18.649622,0.9553775787353516,4.873132369511763,0.3690193908036254,0.22048489766434523,0.9894165425878685,1.7273486399158755,98.27265136008413,False,0.02811499685049057,0.0014869550941511989,1815.0521969795227
2023-01-23,20.03499984741211,19.118008,0.9169921875,4.576951307631013,0.3690193908036254,0.22048489766434523,0.9894165425878685,1.7273486399158755,98.27265136008413,False,0.02811499685049057,0.0014869550941511989,1815.0521969795227
2023-01-24,19.88500022888184,19.56821,0.31678962707519887,1.5931084909673765,0.3690193908036254,0.22048489766434523,0.9894165425878685,1.7273486399158755,98.27265136008413,False,0.02811499685049057,0.0014869550941511989,1815.0521969795227
2023-01-25,19.70499992370605,19.746233,0.04123306274414418,0.2092517782481128,0.3690193908036254,0.22048489766434523,0.9894165425878685,1.7273486399158755,98.27265136008413,False,0.02811499685049057,0.0014869550941511989,1815.0521969795227
2023-01-26,20.38999938964844,19.668427,0.721572875976566,3.53885678065735,0.3690193908036254,0.22048489766434523,0.9894165425878685,1.7273486399158755,98.27265136008413,False,0.02811499685049057,0.0014869550941511989,1815.0521969795227
2023-01-27,20.459999084472656,19.855272,0.6047267913818359,2.955654049079457,0.3690193908036254,0.22048489766434523,0.9894165425878685,1.7273486399158755,98.27265136008413,False,0.02811499685049057,0.0014869550941511989,1815.0521969795227
2023-01-30,20.200000762939453,20.12323,0.07677078247070312,0.3800533642134954,0.3690193908036254,0.22048489766434523,0.9894165425878685,1.7273486399158755,98.27265136008413,False,0.02811499685049057,0.0014869550941511989,1815.0521969795227
2023-01-31,20.475000381469727,20.180117,0.29488372802734375,1.4402135410664962,0.3690193908036254,0.22048489766434523,0.9894165425878685,1.7273486399158755,98.27265136008413,False,0.02811499685049057,0.0014869550941511989,1815.0521969795227
2023-02-01,20.375,20.253292,0.12170791625976562,0.5973394663055982,0.3690193908036254,0.22048489766434523,0.9894165425878685,1.7273486399158755,98.27265136008413,False,0.02811499685049057,0.0014869550941511989,1815.0521969795227
2023-02-02,20.0049991607666,20.279606,0.27460670471191406,1.3726904085578127,0.3690193908036254,0.22048489766434523,0.9894165425878685,1.7273486399158755,98.27265136008413,False,0.02811499685049057,0.0014869550941511989,1815.0521969795227
2023-02-03,19.825000762939453,20.118668,0.2936668395996094,1.4812954769141073,0.3690193908036254,0.22048489766434523,0.9894165425878685,1.7273486399158755,98.27265136008413,False,0.02811499685049057,0.0014869550941511989,1815.0521969795227
2023-02-06,19.53499984741211,19.88703,0.35202980041503906,1.8020465992564318,0.3690193908036254,0.22048489766434523,0.9894165425878685,1.7273486399158755,98.27265136008413,False,0.02811499685049057,0.0014869550941511989,1815.0521969795227
2023-02-07,19.795000076293945,19.623245,0.1717548370361328,0.8676677765807266,0.3690193908036254,0.22048489766434523,0.9894165425878685,1.7273486399158755,98.27265136008413,False,0.02811499685049057,0.0014869550941511989,1815.0521969795227
2023-02-08,19.584999084472656,19.582884,0.0021152496337890625,0.0108003560514132,0.3690193908036254,0.22048489766434523,0.9894165425878685,1.7273486399158755,98.27265136008413,False,0.02811499685049057,0.0014869550941511989,1815.0521969795227
2023-02-09,19.96500015258789,19.558014,0.4069862365722656,2.038498539753387,0.3690193908036254,0.22048489766434523,0.9894165425878685,1.7273486399158755,98.27265136008413,False,0.02811499685049057,0.0014869550941511989,1815.0521969795227
2023-02-10,19.674999237060547,19.692049,0.017049789428710938,0.08665712879213398,0.3690193908036254,0.22048489766434523,0.9894165425878685,1.7273486399158755,98.27265136008413,False,0.02811499685049057,0.0014869550941511989,1815.0521969795227
2023-02-13,20.364999771118164,19.694092,0.6709079742431641,3.2944168022758937,0.3690193908036254,0.22048489766434523,0.9894165425878685,1.7273486399158755,98.27265136008413,False,0.02811499685049057,0.0014869550941511989,1815.0521969795227
2023-02-14,21.13999938964844,19.920673,1.219326019287113,5.7678621309902995,0.3690193908036254,0.22048489766434523,0.9894165425878685,1.7273486399158755,98.27265136008413,False,0.02811499685049057,0.0014869550941511989,1815.0521969795227
2023-02-15,20.88999938964844,20.471453,0.41854667663574574,2.003574384224956,0.3690193908036254,0.22048489766434523,0.9894165425878685,1.7273486399158755,98.27265136008413,False,0.02811499685049057,0.0014869550941511989,1815.0521969795227
2023-02-16,20.825000762939453,20.76412,0.06088066101074219,0.292344099785516,0.3690193908036254,0.22048489766434523,0.9894165425878685,1.7273486399158755,98.27265136008413,False,0.02811499685049057,0.0014869550941511989,1815.0521969795227
2023-02-17,21.174999237060547,20.766418,0.4085807800292969,1.9295433046070554,0.3690193908036254,0.22048489766434523,0.9894165425878685,1.7273486399158755,98.27265136008413,False,0.02811499685049057,0.0014869550941511989,1815.0521969795227
2023-02-22,21.39999961853028,20.827026,0.5729732513427805,2.677445147459921,0.3690193908036254,0.22048489766434523,0.9894165425878685,1.7273486399158755,98.27265136008413,False,0.02811499685049057,0.0014869550941511989,1815.0521969795227
2023-02-23,20.950000762939453,21.005411,0.05541038513183594,0.2644887022145455,0.3690193908036254,0.22048489766434523,0.9894165425878685,1.7273486399158755,98.27265136008413,False,0.02811499685049057,0.0014869550941511989,1815.0521969795227
2023-02-24,20.68000030517578,20.955763,0.27576255798339844,1.333474632079095,0.3690193908036254,0.22048489766434523,0.9894165425878685,1.7273486399158755,98.27265136008413,False,0.02811499685049057,0.0014869550941511989,1815.0521969795227
2023-02-27,20.2450008392334,20.725,0.4799995422363281,2.3709534321486543,0.3690193908036254,0.22048489766434523,0.9894165425878685,1.7273486399158755,98.27265136008413,False,0.02811499685049057,0.0014869550941511989,1815.0521969795227
2023-02-28,20.06999969482422,20.367758,0.2977581024169922,1.4835979419261276,0.3690193908036254,0.22048489766434523,0.9894165425878685,1.7273486399158755,98.27265136008413,False,0.02811499685049057,0.0014869550941511989,1815.0521969795227
2023-03-01,20.14999961853028,20.06836,0.08164024353028054,0.4051625065799147,0.3690193908036254,0.22048489766434523,0.9894165425878685,1.7273486399158755,98.27265136008413,False,0.02811499685049057,0.0014869550941511989,1815.0521969795227
2023-03-02,19.5,19.976332,0.4763317108154297,2.4427267221304083,0.3690193908036254,0.22048489766434523,0.9894165425878685,1.7273486399158755,98.27265136008413,False,0.02811499685049057,0.0014869550941511989,1815.0521969795227
2023-03-03,18.850000381469727,19.723951,0.8739509582519531,4.636344512284894,0.3690193908036254,0.22048489766434523,0.9894165425878685,1.7273486399158755,98.27265136008413,False,0.02811499685049057,0.0014869550941511989,1815.0521969795227
2023-03-06,18.934999465942383,19.224302,0.2893028259277344,1.5278734306176858,0.3690193908036254,0.22048489766434523,0.9894165425878685,1.7273486399158755,98.27265136008413,False,0.02811499685049057,0.0014869550941511989,1815.0521969795227
2023-03-07,19.5,18.893862,0.6061382293701172,3.1084011762570114,0.3690193908036254,0.22048489766434523,0.9894165425878685,1.7273486399158755,98.27265136008413,False,0.02811499685049057,0.0014869550941511989,1815.0521969795227
2023-03-08,19.850000381469727,19.031853,0.8181476593017578,4.121650597374854,0.3690193908036254,0.22048489766434523,0.9894165425878685,1.7273486399158755,98.27265136008413,False,0.02811499685049057,0.0014869550941511989,1815.0521969795227
2023-03-09,19.96500015258789,19.420645,0.5443553924560547,2.726548401180426,0.3690193908036254,0.22048489766434523,0.9894165425878685,1.7273486399158755,98.27265136008413,False,0.02811499685049057,0.0014869550941511989,1815.0521969795227
2023-03-10,19.5,19.733728,0.23372840881347656,1.1986072246844952,0.3690193908036254,0.22048489766434523,0.9894165425878685,1.7273486399158755,98.27265136008413,False,0.02811499685049057,0.0014869550941511989,1815.0521969795227
2023-03-13,19.065000534057617,19.642076,0.5770759582519531,3.0268866618758685,0.3690193908036254,0.22048489766434523,0.9894165425878685,1.7273486399158755,98.27265136008413,False,0.02811499685049057,0.0014869550941511989,1815.0521969795227
2023-03-14,18.959999084472656,19.240927,0.2809276580810547,1.481686031889744,0.3690193908036254,0.22048489766434523,0.9894165425878685,1.7273486399158755,98.27265136008413,False,0.02811499685049057,0.0014869550941511989,1815.0521969795227
2023-03-15,18.420000076293945,18.879045,0.45904541015625,2.492103193566374,0.3690193908036254,0.22048489766434523,0.9894165425878685,1.7273486399158755,98.27265136008413,False,0.02811499685049057,0.0014869550941511989,1815.0521969795227
2023-03-16,18.834999084472656,18.486622,0.3483772277832031,1.849626996108543,0.3690193908036254,0.22048489766434523,0.9894165425878685,1.7273486399158755,98.27265136008413,False,0.02811499685049057,0.0014869550941511989,1815.0521969795227
2023-03-17,18.799999237060547,18.43684,0.3631591796875,1.931697842687154,0.3690193908036254,0.22048489766434523,0.9894165425878685,1.7273486399158755,98.27265136008413,False,0.02811499685049057,0.0014869550941511989,1815.0521969795227
2023-03-20,18.655000686645508,18.537542,0.11745834350585938,0.6296346244036533,0.3690193908036254,0.22048489766434523,0.9894165425878685,1.7273486399158755,98.27265136008413,False,0.02811499685049057,0.0014869550941511989,1815.0521969795227
2023-03-21,18.655000686645508,18.56312,0.09188079833984375,0.4925263734008766,0.3690193908036254,0.22048489766434523,0.9894165425878685,1.7273486399158755,98.27265136008413,False,0.02811499685049057,0.0014869550941511989,1815.0521969795227
2023-03-22,18.770000457763672,18.533237,0.23676300048828125,1.2613904886206384,0.3690193908036254,0.22048489766434523,0.9894165425878685,1.7273486399158755,98.27265136008413,False,0.02811499685049057,0.0014869550941511989,1815.0521969795227
2023-03-23,18.86000061035156,18.545303,0.31469726562499645,1.6685962642666654,0.3690193908036254,0.22048489766434523,0.9894165425878685,1.7273486399158755,98.27265136008413,False,0.02811499685049057,0.0014869550941511989,1815.0521969795227
2023-03-24,18.665000915527344,18.606585,0.05841636657714844,0.3129727495944138,0.3690193908036254,0.22048489766434523,0.9894165425878685,1.7273486399158755,98.27265136008413,False,0.02811499685049057,0.0014869550941511989,1815.0521969795227
2023-03-27,18.989999771118164,18.568949,0.421051025390625,2.217225015615852,0.3690193908036254,0.22048489766434523,0.9894165425878685,1.7273486399158755,98.27265136008413,False,0.02811499685049057,0.0014869550941511989,1815.0521969795227
2023-03-28,18.80500030517578,18.644516,0.16048431396484375,0.853412982506961,0.3690193908036254,0.22048489766434523,0.9894165425878685,1.7273486399158755,98.27265136008413,False,0.02811499685049057,0.0014869550941511989,1815.0521969795227
2023-03-29,19.020000457763672,18.659119,0.3608818054199219,1.897380634776039,0.3690193908036254,0.22048489766434523,0.9894165425878685,1.7273486399158755,98.27265136008413,False,0.02811499685049057,0.0014869550941511989,1815.0521969795227
2023-03-30,19.475000381469727,18.728039,0.7469615936279297,3.83548949420641,0.3690193908036254,0.22048489766434523,0.9894165425878685,1.7273486399158755,98.27265136008413,False,0.02811499685049057,0.0014869550941511989,1815.0521969795227
2023-03-31,19.57999992370605,18.991982,0.5880184173583949,3.003158425176829,0.3690193908036254,0.22048489766434523,0.9894165425878685,1.7273486399158755,98.27265136008413,False,0.02811499685049057,0.0014869550941511989,1815.0521969795227
2023-04-03,19.604999542236328,19.25719,0.347808837890625,1.7740823566015278,0.3690193908036254,0.22048489766434523,0.9894165425878685,1.7273486399158755,98.27265136008413,False,0.02811499685049057,0.0014869550941511989,1815.0521969795227
2023-04-04,19.450000762939453,19.401165,0.04883575439453125,0.2510835603029085,0.3690193908036254,0.22048489766434523,0.9894165425878685,1.7273486399158755,98.27265136008413,False,0.02811499685049057,0.0014869550941511989,1815.0521969795227
2023-04-05,19.674999237060547,19.368711,0.3062877655029297,1.5567358443704276,0.3690193908036254,0.22048489766434523,0.9894165425878685,1.7273486399158755,98.27265136008413,False,0.02811499685049057,0.0014869550941511989,1815.0521969795227
2023-04-06,19.6200008392334,19.392618,0.22738265991210938,1.158932977502328,0.3690193908036254,0.22048489766434523,0.9894165425878685,1.7273486399158755,98.27265136008413,False,0.02811499685049057,0.0014869550941511989,1815.0521969795227
2023-04-10,19.674999237060547,19.423191,0.25180816650390625,1.2798382529519554,0.3690193908036254,0.22048489766434523,0.9894165425878685,1.7273486399158755,98.27265136008413,False,0.02811499685049057,0.0014869550941511989,1815.0521969795227
2023-04-11,19.64999961853028,19.468275,0.18172454833985086,0.9248068797338884,0.3690193908036254,0.22048489766434523,0.9894165425878685,1.7273486399158755,98.27265136008413,False,0.02811499685049057,0.0014869550941511989,1815.0521969795227
2023-04-12,20.030000686645508,19.493864,0.5361366271972656,2.676668042027183,0.3690193908036254,0.22048489766434523,0.9894165425878685,1.7273486399158755,98.27265136008413,False,0.02811499685049057,0.0014869550941511989,1815.0521969795227
2023-04-13,21.31999969482422,19.668434,1.6515655517578125,7.7465552316999196,0.3690193908036254,0.22048489766434523,0.9894165425878685,1.7273486399158755,98.27265136008413,False,0.02811499685049057,0.0014869550941511989,1815.0521969795227
2023-04-14,21.309999465942383,20.387394,0.9226055145263672,4.329448792342179,0.3690193908036254,0.22048489766434523,0.9894165425878685,1.7273486399158755,98.27265136008413,False,0.02811499685049057,0.0014869550941511989,1815.0521969795227
2023-04-17,21.684999465942383,20.976202,0.7087974548339844,3.268607204474199,0.3690193908036254,0.22048489766434523,0.9894165425878685,1.7273486399158755,98.27265136008413,False,0.02811499685049057,0.0014869550941511989,1815.0521969795227
2023-04-18,21.77499961853028,21.366333,0.40866661071778054,1.8767697721106265,0.3690193908036254,0.22048489766434523,0.9894165425878685,1.7273486399158755,98.27265136008413,False,0.02811499685049057,0.0014869550941511989,1815.0521969795227
2023-04-19,21.69499969482422,21.55173,0.14327049255371094,0.6603848562758496,0.3690193908036254,0.22048489766434523,0.9894165425878685,1.7273486399158755,98.27265136008413,False,0.02811499685049057,0.0014869550941511989,1815.0521969795227
2023-04-20,21.489999771118164,21.556746,0.06674575805664062,0.31058985001174677,0.3690193908036254,0.22048489766434523,0.9894165425878685,1.7273486399158755,98.27265136008413,False,0.02811499685049057,0.0014869550941511989,1815.0521969795227
2023-04-24,21.709999084472656,21.425371,0.28462791442871094,1.3110452622371662,0.3690193908036254,0.22048489766434523,0.9894165425878685,1.7273486399158755,98.27265136008413,False,0.02811499685049057,0.0014869550941511989,1815.0521969795227
2023-04-25,21.5,21.423256,0.07674407958984375,0.35694920739462205,0.3690193908036254,0.22048489766434523,0.9894165425878685,1.7273486399158755,98.27265136008413,False,0.02811499685049057,0.0014869550941511989,1815.0521969795227
2023-04-26,21.6299991607666,21.404724,0.22527503967285156,1.0414935201729683,0.3690193908036254,0.22048489766434523,0.9894165425878685,1.7273486399158755,98.27265136008413,False,0.02811499685049057,0.0014869550941511989,1815.0521969795227
2023-04-27,21.334999084472656,21.44643,0.11143112182617188,0.5222926018650267,0.3690193908036254,0.22048489766434523,0.9894165425878685,1.7273486399158755,98.27265136008413,False,0.02811499685049057,0.0014869550941511989,1815.0521969795227
2023-04-28,21.5049991607666,21.373653,0.1313457489013672,0.6107684446739826,0.3690193908036254,0.22048489766434523,0.9894165425878685,1.7273486399158755,98.27265136008413,False,0.02811499685049057,0.0014869550941511989,1815.0521969795227
2023-05-02,21.3799991607666,21.361803,0.01819610595703125,0.0851080761051761,0.3690193908036254,0.22048489766434523,0.9894165425878685,1.7273486399158755,98.27265136008413,False,0.02811499685049057,0.0014869550941511989,1815.0521969795227
2023-05-03,21.030000686645508,21.333044,0.3030433654785156,1.441005019419493,0.3690193908036254,0.22048489766434523,0.9894165425878685,1.7273486399158755,98.27265136008413,False,0.02811499685049057,0.0014869550941511989,1815.0521969795227
2023-05-04,21.0,21.151758,0.15175819396972656,0.7226580665225074,0.3690193908036254,0.22048489766434523,0.9894165425878685,1.7273486399158755,98.27265136008413,False,0.02811499685049057,0.0014869550941511989,1815.0521969795227
2023-05-05,21.09499931335449,20.978485,0.11651420593261363,0.5523309301975311,0.3690193908036254,0.22048489766434523,0.9894165425878685,1.7273486399158755,98.27265136008413,False,0.02811499685049057,0.0014869550941511989,1815.0521969795227
2023-05-08,21.71999931335449,20.93496,0.7850399017333949,3.614364302722215,0.3690193908036254,0.22048489766434523,0.9894165425878685,1.7273486399158755,98.27265136008413,False,0.02811499685049057,0.0014869550941511989,1815.0521969795227
2023-05-09,21.4950008392334,21.226427,0.2685737609863281,1.2494708094922158,0.3690193908036254,0.22048489766434523,0.9894165425878685,1.7273486399158755,98.27265136008413,False,0.02811499685049057,0.0014869550941511989,1815.0521969795227
2023-05-10,21.5,21.401733,0.0982666015625,0.45705396075581395,0.3690193908036254,0.22048489766434523,0.9894165425878685,1.7273486399158755,98.27265136008413,False,0.02811499685049057,0.0014869550941511989,1815.0521969795227
2023-05-11,21.709999084472656,21.42272,0.2872791290283203,1.3232572139249283,0.3690193908036254,0.22048489766434523,0.9894165425878685,1.7273486399158755,98.27265136008413,False,0.02811499685049057,0.0014869550941511989,1815.0521969795227
2023-05-12,22.02499961853028,21.469233,0.555767059326179,2.523346510565184,0.3690193908036254,0.22048489766434523,0.9894165425878685,1.7273486399158755,98.27265136008413,False,0.02811499685049057,0.0014869550941511989,1815.0521969795227
2023-05-15,22.2450008392334,21.648191,0.5968093872070312,2.682892176629823,0.3690193908036254,0.22048489766434523,0.9894165425878685,1.7273486399158755,98.27265136008413,False,0.02811499685049057,0.0014869550941511989,1815.0521969795227
2023-05-16,22.21999931335449,21.888603,0.3313961029052699,1.4914316523227649,0.3690193908036254,0.22048489766434523,0.9894165425878685,1.7273486399158755,98.27265136008413,False,0.02811499685049057,0.0014869550941511989,1815.0521969795227
2023-05-17,21.625,22.023178,0.3981781005859375,1.8412860142702312,0.3690193908036254,0.22048489766434523,0.9894165425878685,1.7273486399158755,98.27265136008413,False,0.02811499685049057,0.0014869550941511989,1815.0521969795227
2023-05-18,21.549999237060547,21.796263,0.2462635040283203,1.1427541194749065,0.3690193908036254,0.22048489766434523,0.9894165425878685,1.7273486399158755,98.27265136008413,False,0.02811499685049057,0.0014869550941511989,1815.0521969795227
2023-05-19,21.670000076293945,21.514204,0.15579605102539062,0.718948087110645,0.3690193908036254,0.22048489766434523,0.9894165425878685,1.7273486399158755,98.27265136008413,False,0.02811499685049057,0.0014869550941511989,1815.0521969795227
2023-05-22,22.02499961853028,21.423765,0.6012344360351634,2.7297818226944583,0.3690193908036254,0.22048489766434523,0.9894165425878685,1.7273486399158755,98.27265136008413,False,0.02811499685049057,0.0014869550941511989,1815.0521969795227
2023-05-23,21.739999771118164,21.611765,0.12823486328125,0.5898567830327739,0.3690193908036254,0.22048489766434523,0.9894165425878685,1.7273486399158755,98.27265136008413,False,0.02811499685049057,0.0014869550941511989,1815.0521969795227
2023-05-24,22.239999771118164,21.687786,0.5522136688232422,2.4829751551543224,0.3690193908036254,0.22048489766434523,0.9894165425878685,1.7273486399158755,98.27265136008413,False,0.02811499685049057,0.0014869550941511989,1815.0521969795227
2023-05-25,22.5,21.883183,0.6168174743652344,2.741410997178819,0.3690193908036254,0.22048489766434523,0.9894165425878685,1.7273486399158755,98.27265136008413,False,0.02811499685049057,0.0014869550941511989,1815.0521969795227
2023-05-26,22.625,22.15452,0.47047996520996094,2.07946945949154,0.3690193908036254,0.22048489766434523,0.9894165425878685,1.7273486399158755,98.27265136008413,False,0.02811499685049057,0.0014869550941511989,1815.0521969795227
2023-05-29,22.280000686645508,22.371914,0.09191322326660156,0.4125368960230498,0.3690193908036254,0.22048489766434523,0.9894165425878685,1.7273486399158755,98.27265136008413,False,0.02811499685049057,0.0014869550941511989,1815.0521969795227
2023-05-30,22.39999961853028,22.311647,0.08835220336914773,0.39442948604364636,0.3690193908036254,0.22048489766434523,0.9894165425878685,1.7273486399158755,98.27265136008413,False,0.02811499685049057,0.0014869550941511989,1815.0521969795227
2023-05-31,22.3700008392334,22.22898,0.141021728515625,0.630405557554989,0.3690193908036254,0.22048489766434523,0.9894165425878685,1.7273486399158755,98.27265136008413,False,0.02811499685049057,0.0014869550941511989,1815.0521969795227
2023-06-01,22.395000457763672,22.185467,0.20953369140625,0.935627091419018,0.3690193908036254,0.22048489766434523,0.9894165425878685,1.7273486399158755,98.27265136008413,False,0.02811499685049057,0.0014869550941511989,1815.0521969795227
2023-06-02,22.3700008392334,22.193413,0.1765880584716797,0.789396744956632,0.3690193908036254,0.22048489766434523,0.9894165425878685,1.7273486399158755,98.27265136008413,False,0.02811499685049057,0.0014869550941511989,1815.0521969795227
2023-06-05,22.299999237060547,22.208937,0.09106254577636719,0.4083522371831727,0.3690193908036254,0.22048489766434523,0.9894165425878685,1.7273486399158755,98.27265136008413,False,0.02811499685049057,0.0014869550941511989,1815.0521969795227
2023-06-06,22.51499938964844,22.19004,0.3249588012695348,1.4432991786752558,0.3690193908036254,0.22048489766434523,0.9894165425878685,1.7273486399158755,98.27265136008413,False,0.02811499685049057,0.0014869550941511989,1815.0521969795227
2023-06-07,22.864999771118164,22.261166,0.6038341522216797,2.64086664450533,0.3690193908036254,0.22048489766434523,0.9894165425878685,1.7273486399158755,98.27265136008413,False,0.02811499685049057,0.0014869550941511989,1815.0521969795227
2023-06-09,22.8700008392334,22.488543,0.3814582824707031,1.6679417073580203,0.3690193908036254,0.22048489766434523,0.9894165425878685,1.7273486399158755,98.27265136008413,False,0.02811499685049057,0.0014869550941511989,1815.0521969795227
2023-06-12,24.03499984741211,22.665606,1.369394302368164,5.697500774128813,0.3690193908036254,0.22048489766434523,0.9894165425878685,1.7273486399158755,98.27265136008413,False,0.02811499685049057,0.0014869550941511989,1815.0521969795227
2023-06-13,24.59000015258789,23.233776,1.3562240600585938,5.515347912333635,0.3690193908036254,0.22048489766434523,0.9894165425878685,1.7273486399158755,98.27265136008413,False,0.02811499685049057,0.0014869550941511989,1815.0521969795227
2023-06-14,24.39999961853028,23.929415,0.47058486938477273,1.9286265440241763,0.3690193908036254,0.22048489766434523,0.9894165425878685,1.7273486399158755,98.27265136008413,False,0.02811499685049057,0.0014869550941511989,1815.0521969795227
2023-06-15,24.450000762939453,24.237654,0.21234703063964844,0.8684949857405218,0.3690193908036254,0.22048489766434523,0.9894165425878685,1.7273486399158755,98.27265136008413,False,0.02811499685049057,0.0014869550941511989,1815.0521969795227
2023-06-16,24.920000076293945,24.271795,0.6482048034667969,2.6011428630910207,0.3690193908036254,0.22048489766434523,0.9894165425878685,1.7273486399158755,98.27265136008413,False,0.02811499685049057,0.0014869550941511989,1815.0521969795227
2023-06-19,24.78499984741211,24.423359,0.36164093017578125,1.4591120936139181,0.3690193908036254,0.22048489766434523,0.9894165425878685,1.7273486399158755,98.27265136008413,False,0.02811499685049057,0.0014869550941511989,1815.0521969795227
2023-06-20,25.145000457763672,24.518637,0.6263637542724609,2.491007130123425,0.3690193908036254,0.22048489766434523,0.9894165425878685,1.7273486399158755,98.27265136008413,False,0.02811499685049057,0.0014869550941511989,1815.0521969795227
2023-06-21,25.100000381469727,24.708916,0.3910846710205078,1.5581062353657538,0.3690193908036254,0.22048489766434523,0.9894165425878685,1.7273486399158755,98.27265136008413,False,0.02811499685049057,0.0014869550941511989,1815.0521969795227
2023-06-22,25.81999969482422,24.844547,0.9754524230957031,3.7778947894071377,0.3690193908036254,0.22048489766434523,0.9894165425878685,1.7273486399158755,98.27265136008413,False,0.02811499685049057,0.0014869550941511989,1815.0521969795227
2023-06-23,25.55500030517578,25.210745,0.3442554473876953,1.3471158022955356,0.3690193908036254,0.22048489766434523,0.9894165425878685,1.7273486399158755,98.27265136008413,False,0.02811499685049057,0.0014869550941511989,1815.0521969795227
2023-06-26,25.3700008392334,25.389742,0.019741058349609375,0.077812604243516,0.3690193908036254,0.22048489766434523,0.9894165425878685,1.7273486399158755,98.27265136008413,False,0.02811499685049057,0.0014869550941511989,1815.0521969795227
2023-06-27,25.584999084472656,25.325975,0.25902366638183594,1.012404438736273,0.3690193908036254,0.22048489766434523,0.9894165425878685,1.7273486399158755,98.27265136008413,False,0.02811499685049057,0.0014869550941511989,1815.0521969795227
2023-06-28,25.05500030517578,25.312508,0.25750732421875,1.0277681943015382,0.3690193908036254,0.22048489766434523,0.9894165425878685,1.7273486399158755,98.27265136008413,False,0.02811499685049057,0.0014869550941511989,1815.0521969795227
2023-06-29,24.780000686645508,25.117102,0.3371009826660156,1.360375195016386,0.3690193908036254,0.22048489766434523,0.9894165425878685,1.7273486399158755,98.27265136008413,False,0.02811499685049057,0.0014869550941511989,1815.0521969795227
2023-06-30,25.200000762939453,24.82786,0.37214088439941406,1.4767494965583712,0.3690193908036254,0.22048489766434523,0.9894165425878685,1.7273486399158755,98.27265136008413,False,0.02811499685049057,0.0014869550941511989,1815.0521969795227
2023-07-03,24.780000686645508,24.835278,0.05527687072753906,0.2230704971583354,0.3690193908036254,0.22048489766434523,0.9894165425878685,1.7273486399158755,98.27265136008413,False,0.02811499685049057,0.0014869550941511989,1815.0521969795227
2023-07-04,25.19499969482422,24.777203,0.4177970886230469,1.658253993584586,0.3690193908036254,0.22048489766434523,0.9894165425878685,1.7273486399158755,98.27265136008413,False,0.02811499685049057,0.0014869550941511989,1815.0521969795227
2023-07-05,25.0,24.877678,0.12232208251953125,0.48928833007812506,0.3690193908036254,0.22048489766434523,0.9894165425878685,1.7273486399158755,98.27265136008413,False,0.02811499685049057,0.0014869550941511989,1815.0521969795227
2023-07-06,24.76499938964844,24.907364,0.14236450195312145,0.5748617220343183,0.3690193908036254,0.22048489766434523,0.9894165425878685,1.7273486399158755,98.27265136008413,False,0.02811499685049057,0.0014869550941511989,1815.0521969795227
2023-07-07,24.520000457763672,24.777561,0.25756072998046875,1.0504107878143139,0.3690193908036254,0.22048489766434523,0.9894165425878685,1.7273486399158755,98.27265136008413,False,0.02811499685049057,0.0014869550941511989,1815.0521969795227
2023-07-10,24.9950008392334,24.541557,0.4534435272216797,1.814136875362421,0.3690193908036254,0.22048489766434523,0.9894165425878685,1.7273486399158755,98.27265136008413,False,0.02811499685049057,0.0014869550941511989,1815.0521969795227
2023-07-11,24.5,24.585007,0.0850067138671875,0.3469661790497449,0.3690193908036254,0.22048489766434523,0.9894165425878685,1.7273486399158755,98.27265136008413,False,0.02811499685049057,0.0014869550941511989,1815.0521969795227
2023-07-12,24.46999931335449,24.502932,0.03293228149414418,0.13458227387922891,0.3690193908036254,0.22048489766434523,0.9894165425878685,1.7273486399158755,98.27265136008413,False,0.02811499685049057,0.0014869550941511989,1815.0521969795227
2023-07-13,23.93000030517578,24.375866,0.4458656311035156,1.863207795309054,0.3690193908036254,0.22048489766434523,0.9894165425878685,1.7273486399158755,98.27265136008413,False,0.02811499685049057,0.0014869550941511989,1815.0521969795227
2023-07-14,23.979999542236328,24.064629,0.08462905883789062,0.3529151812068729,0.3690193908036254,0.22048489766434523,0.9894165425878685,1.7273486399158755,98.27265136008413,False,0.02811499685049057,0.0014869550941511989,1815.0521969795227
2023-07-17,23.89999961853028,23.849133,0.05086708068848367,0.21283297698902523,0.3690193908036254,0.22048489766434523,0.9894165425878685,1.7273486399158755,98.27265136008413,False,0.02811499685049057,0.0014869550941511989,1815.0521969795227
2023-07-18,24.049999237060547,23.745092,0.30490684509277344,1.2678039699182957,0.3690193908036254,0.22048489766434523,0.9894165425878685,1.7273486399158755,98.27265136008413,False,0.02811499685049057,0.0014869550941511989,1815.0521969795227
2023-07-19,24.200000762939453,23.78566,0.4143409729003906,1.7121527266020742,0.3690193908036254,0.22048489766434523,0.9894165425878685,1.7273486399158755,98.27265136008413,False,0.02811499685049057,0.0014869550941511989,1815.0521969795227
2023-07-20,23.780000686645508,23.915047,0.13504600524902344,0.5678973984423106,0.3690193908036254,0.22048489766434523,0.9894165425878685,1.7273486399158755,98.27265136008413,False,0.02811499685049057,0.0014869550941511989,1815.0521969795227
2023-07-21,23.975000381469727,23.821196,0.15380477905273438,0.6415214874057314,0.3690193908036254,0.22048489766434523,0.9894165425878685,1.7273486399158755,98.27265136008413,False,0.02811499685049057,0.0014869550941511989,1815.0521969795227
2023-07-24,24.1200008392334,23.758743,0.36125755310058594,1.4977509972261998,0.3690193908036254,0.22048489766434523,0.9894165425878685,1.7273486399158755,98.27265136008413,False,0.02811499685049057,0.0014869550941511989,1815.0521969795227
2023-07-25,24.1299991607666,23.810974,0.31902503967285156,1.3221096177722216,0.3690193908036254,0.22048489766434523,0.9894165425878685,1.7273486399158755,98.27265136008413,False,0.02811499685049057,0.0014869550941511989,1815.0521969795227
2023-07-26,23.70499992370605,23.88103,0.17602920532226918,0.742582602357371,0.3690193908036254,0.22048489766434523,0.9894165425878685,1.7273486399158755,98.27265136008413,False,0.02811499685049057,0.0014869550941511989,1815.0521969795227
2023-07-27,23.86000061035156,23.732956,0.12704467773437145,0.5324588201362143,0.3690193908036254,0.22048489766434523,0.9894165425878685,1.7273486399158755,98.27265136008413,False,0.02811499685049057,0.0014869550941511989,1815.0521969795227
2023-07-28,23.565000534057617,23.637117,0.07211685180664062,0.30603373720451577,0.3690193908036254,0.22048489766434523,0.9894165425878685,1.7273486399158755,98.27265136008413,False,0.02811499685049057,0.0014869550941511989,1815.0521969795227
2023-07-31,23.799999237060547,23.494518,0.30548095703125,1.2835334740497197,0.3690193908036254,0.22048489766434523,0.9894165425878685,1.7273486399158755,98.27265136008413,False,0.02811499685049057,0.0014869550941511989,1815.0521969795227
2023-08-01,23.959999084472656,23.499004,0.4609947204589844,1.924018105483707,0.3690193908036254,0.22048489766434523,0.9894165425878685,1.7273486399158755,98.27265136008413,False,0.02811499685049057,0.0014869550941511989,1815.0521969795227
2023-08-02,23.6299991607666,23.631416,0.0014171600341796875,0.00599729193614458,0.3690193908036254,0.22048489766434523,0.9894165425878685,1.7273486399158755,98.27265136008413,False,0.02811499685049057,0.0014869550941511989,1815.0521969795227
2023-08-03,23.950000762939453,23.598242,0.3517589569091797,1.4687221114977838,0.3690193908036254,0.22048489766434523,0.9894165425878685,1.7273486399158755,98.27265136008413,False,0.02811499685049057,0.0014869550941511989,1815.0521969795227
2023-08-04,23.75,23.646576,0.103424072265625,0.4354697779605263,0.3690193908036254,0.22048489766434523,0.9894165425878685,1.7273486399158755,98.27265136008413,False,0.02811499685049057,0.0014869550941511989,1815.0521969795227
2023-08-07,23.809999465942383,23.627878,0.18212127685546875,0.7648940820682228,0.3690193908036254,0.22048489766434523,0.9894165425878685,1.7273486399158755,98.27265136008413,False,0.02811499685049057,0.0014869550941511989,1815.0521969795227
2023-08-08,23.614999771118164,23.611378,0.0036220550537109375,0.015337942362128739,0.3690193908036254,0.22048489766434523,0.9894165425878685,1.7273486399158755,98.27265136008413,False,0.02811499685049057,0.0014869550941511989,1815.0521969795227
2023-08-09,23.5,23.524368,0.0243682861328125,0.10369483460771277,0.3690193908036254,0.22048489766434523,0.9894165425878685,1.7273486399158755,98.27265136008413,False,0.02811499685049057,0.0014869550941511989,1815.0521969795227
2023-08-10,23.549999237060547,23.401667,0.1483325958251953,0.6298624230601454,0.3690193908036254,0.22048489766434523,0.9894165425878685,1.7273486399158755,98.27265136008413,False,0.02811499685049057,0.0014869550941511989,1815.0521969795227
2023-08-11,23.59000015258789,23.349928,0.24007225036621094,1.0176865146814098,0.3690193908036254,0.22048489766434523,0.9894165425878685,1.7273486399158755,98.27265136008413,False,0.02811499685049057,0.0014869550941511989,1815.0521969795227
2023-08-14,23.84499931335449,23.36963,0.4753684997558558,1.9935773262514784,0.3690193908036254,0.22048489766434523,0.9894165425878685,1.7273486399158755,98.27265136008413,False,0.02811499685049057,0.0014869550941511989,1815.0521969795227
2023-08-15,23.56999969482422,23.512598,0.05740165710449219,0.24353694462328368,0.3690193908036254,0.22048489766434523,0.9894165425878685,1.7273486399158755,98.27265136008413,False,0.02811499685049057,0.0014869550941511989,1815.0521969795227
2023-08-16,23.405000686645508,23.511545,0.10654449462890625,0.4552210702975912,0.3690193908036254,0.22048489766434523,0.9894165425878685,1.7273486399158755,98.27265136008413,False,0.02811499685049057,0.0014869550941511989,1815.0521969795227
2023-08-17,23.7549991607666,23.37488,0.38011932373046875,1.600165595283489,0.3690193908036254,0.22048489766434523,0.9894165425878685,1.7273486399158755,98.27265136008413,False,0.02811499685049057,0.0014869550941511989,1815.0521969795227
2023-08-18,23.790000915527344,23.410353,0.37964820861816406,1.5958309962500836,0.3690193908036254,0.22048489766434523,0.9894165425878685,1.7273486399158755,98.27265136008413,False,0.02811499685049057,0.0014869550941511989,1815.0521969795227
2023-08-21,24.0,23.518438,0.48156166076660156,2.00650691986084,0.3690193908036254,0.22048489766434523,0.9894165425878685,1.7273486399158755,98.27265136008413,False,0.02811499685049057,0.0014869550941511989,1815.0521969795227
2023-08-22,23.600000381469727,23.682154,0.0821533203125,0.3481072838329496,0.3690193908036254,0.22048489766434523,0.9894165425878685,1.7273486399158755,98.27265136008413,False,0.02811499685049057,0.0014869550941511989,1815.0521969795227
2023-08-23,24.05500030517578,23.613653,0.4413471221923828,1.8347417027362107,0.3690193908036254,0.22048489766434523,0.9894165425878685,1.7273486399158755,98.27265136008413,False,0.02811499685049057,0.0014869550941511989,1815.0521969795227
2023-08-24,24.049999237060547,23.681877,0.3681221008300781,1.5306532744616874,0.3690193908036254,0.22048489766434523,0.9894165425878685,1.7273486399158755,98.27265136008413,False,0.02811499685049057,0.0014869550941511989,1815.0521969795227
2023-08-25,23.80500030517578,23.785276,0.019723892211914062,0.08285608888492899,0.3690193908036254,0.22048489766434523,0.9894165425878685,1.7273486399158755,98.27265136008413,False,0.02811499685049057,0.0014869550941511989,1815.0521969795227
2023-08-28,23.57999992370605,23.73943,0.159429550170902,0.6761219282728672,0.3690193908036254,0.22048489766434523,0.9894165425878685,1.7273486399158755,98.27265136008413,False,0.02811499685049057,0.0014869550941511989,1815.0521969795227
2023-08-29,24.26499938964844,23.561567,0.7034320831298864,2.8989577614824658,0.3690193908036254,0.22048489766434523,0.9894165425878685,1.7273486399158755,98.27265136008413,False,0.02811499685049057,0.0014869550941511989,1815.0521969795227
2023-08-30,24.350000381469727,23.724981,0.6250190734863281,2.5668134032637044,0.3690193908036254,0.22048489766434523,0.9894165425878685,1.7273486399158755,98.27265136008413,False,0.02811499685049057,0.0014869550941511989,1815.0521969795227
2023-08-31,23.975000381469727,23.989576,0.014575958251953125,0.060796488091899595,0.3690193908036254,0.22048489766434523,0.9894165425878685,1.7273486399158755,98.27265136008413,False,0.02811499685049057,0.0014869550941511989,1815.0521969795227
2023-09-01,23.614999771118164,23.984604,0.36960411071777344,1.5651243459667956,0.3690193908036254,0.22048489766434523,0.9894165425878685,1.7273486399158755,98.27265136008413,False,0.02811499685049057,0.0014869550941511989,1815.0521969795227
2023-09-04,23.75,23.719477,0.030523300170898438,0.1285191586143092,0.3690193908036254,0.22048489766434523,0.9894165425878685,1.7273486399158755,98.27265136008413,False,0.02811499685049057,0.0014869550941511989,1815.0521969795227
2023-09-05,23.674999237060547,23.55683,0.11816978454589844,0.4991332137443829,0.3690193908036254,0.22048489766434523,0.9894165425878685,1.7273486399158755,98.27265136008413,False,0.02811499685049057,0.0014869550941511989,1815.0521969795227
2023-09-06,23.61000061035156,23.495056,0.11494445800780895,0.4868464846943407,0.3690193908036254,0.22048489766434523,0.9894165425878685,1.7273486399158755,98.27265136008413,False,0.02811499685049057,0.0014869550941511989,1815.0521969795227
2023-09-08,23.424999237060547,23.466213,0.0412139892578125,0.17594019466437422,0.3690193908036254,0.22048489766434523,0.9894165425878685,1.7273486399158755,98.27265136008413,False,0.02811499685049057,0.0014869550941511989,1815.0521969795227
2023-09-11,23.540000915527344,23.37736,0.1626415252685547,0.6909155435133134,0.3690193908036254,0.22048489766434523,0.9894165425878685,1.7273486399158755,98.27265136008413,False,0.02811499685049057,0.0014869550941511989,1815.0521969795227
2023-09-12,23.59499931335449,23.352991,0.24200820922851207,1.0256758477273542,0.3690193908036254,0.22048489766434523,0.9894165425878685,1.7273486399158755,98.27265136008413,False,0.02811499685049057,0.0014869550941511989,1815.0521969795227
2023-09-13,23.674999237060547,23.389482,0.28551673889160156,1.2059841524499701,0.3690193908036254,0.22048489766434523,0.9894165425878685,1.7273486399158755,98.27265136008413,False,0.02811499685049057,0.0014869550941511989,1815.0521969795227
2023-09-14,23.7450008392334,23.458214,0.2867870330810547,1.2077785763106907,0.3690193908036254,0.22048489766434523,0.9894165425878685,1.7273486399158755,98.27265136008413,False,0.02811499685049057,0.0014869550941511989,1815.0521969795227
2023-09-15,23.709999084472656,23.529562,0.1804370880126953,0.7610168493463209,0.3690193908036254,0.22048489766434523,0.9894165425878685,1.7273486399158755,98.27265136008413,False,0.02811499685049057,0.0014869550941511989,1815.0521969795227
2023-09-18,23.81999969482422,23.548006,0.27199363708496094,1.1418708672110591,0.3690193908036254,0.22048489766434523,0.9894165425878685,1.7273486399158755,98.27265136008413,False,0.02811499685049057,0.0014869550941511989,1815.0521969795227
2023-09-19,23.674999237060547,23.582684,0.092315673828125,0.3899289410899545,0.3690193908036254,0.22048489766434523,0.9894165425878685,1.7273486399158755,98.27265136008413,False,0.02811499685049057,0.0014869550941511989,1815.0521969795227
2023-09-20,23.65999984741211,23.54739,0.11260986328125,0.47595039732668076,0.3690193908036254,0.22048489766434523,0.9894165425878685,1.7273486399158755,98.27265136008413,False,0.02811499685049057,0.0014869550941511989,1815.0521969795227
2023-09-21,23.65999984741211,23.494501,0.1654987335205078,0.6994874665589221,0.3690193908036254,0.22048489766434523,0.9894165425878685,1.7273486399158755,98.27265136008413,False,0.02811499685049057,0.0014869550941511989,1815.0521969795227
2023-09-22,23.3799991607666,23.465914,0.08591461181640625,0.3674705513273817,0.3690193908036254,0.22048489766434523,0.9894165425878685,1.7273486399158755,98.27265136008413,False,0.02811499685049057,0.0014869550941511989,1815.0521969795227
2023-09-25,23.309999465942383,23.341827,0.03182792663574219,0.13654194493760122,0.3690193908036254,0.22048489766434523,0.9894165425878685,1.7273486399158755,98.27265136008413,False,0.02811499685049057,0.0014869550941511989,1815.0521969795227
2023-09-26,23.01499938964844,23.208767,0.19376754760741832,0.8419185433242724,0.3690193908036254,0.22048489766434523,0.9894165425878685,1.7273486399158755,98.27265136008413,False,0.02811499685049057,0.0014869550941511989,1815.0521969795227
2023-09-27,23.075000762939453,23.014574,0.06042671203613281,0.2618708994072217,0.3690193908036254,0.22048489766434523,0.9894165425878685,1.7273486399158755,98.27265136008413,False,0.02811499685049057,0.0014869550941511989,1815.0521969795227
2023-09-28,23.145000457763672,22.913378,0.23162269592285156,1.0007461280699907,0.3690193908036254,0.22048489766434523,0.9894165425878685,1.7273486399158755,98.27265136008413,False,0.02811499685049057,0.0014869550941511989,1815.0521969795227
2023-09-29,23.920000076293945,22.928326,0.9916744232177734,4.145796070463136,0.3690193908036254,0.22048489766434523,0.9894165425878685,1.7273486399158755,98.27265136008413,False,0.02811499685049057,0.0014869550941511989,1815.0521969795227
2023-10-02,23.584999084472656,23.306698,0.2783012390136719,1.1799925792530277,0.3690193908036254,0.22048489766434523,0.9894165425878685,1.7273486399158755,98.27265136008413,False,0.02811499685049057,0.0014869550941511989,1815.0521969795227
2023-10-03,23.540000915527344,23.491491,0.04850959777832031,0.2060730496672268,0.3690193908036254,0.22048489766434523,0.9894165425878685,1.7273486399158755,98.27265136008413,False,0.02811499685049057,0.0014869550941511989,1815.0521969795227
2023-10-04,23.299999237060547,23.467081,0.1670818328857422,0.7170894350072979,0.3690193908036254,0.22048489766434523,0.9894165425878685,1.7273486399158755,98.27265136008413,False,0.02811499685049057,0.0014869550941511989,1815.0521969795227
2023-10-05,23.38999938964844,23.28191,0.10808944702148793,0.46211821223614213,0.3690193908036254,0.22048489766434523,0.9894165425878685,1.7273486399158755,98.27265136008413,False,0.02811499685049057,0.0014869550941511989,1815.0521969795227
2023-10-06,23.46999931335449,23.173384,0.29661560058593395,1.263807453190503,0.3690193908036254,0.22048489766434523,0.9894165425878685,1.7273486399158755,98.27265136008413,False,0.02811499685049057,0.0014869550941511989,1815.0521969795227
2023-10-09,24.270000457763672,23.1919,1.0781002044677734,4.442110359016918,0.3690193908036254,0.22048489766434523,0.9894165425878685,1.7273486399158755,98.27265136008413,False,0.02811499685049057,0.0014869550941511989,1815.0521969795227
2023-10-10,24.325000762939453,23.593784,0.7312164306640625,3.0060283976562627,0.3690193908036254,0.22048489766434523,0.9894165425878685,1.7273486399158755,98.27265136008413,False,0.02811499685049057,0.0014869550941511989,1815.0521969795227
2023-10-11,24.26000022888184,23.97216,0.28783988952637074,1.1864793355759895,0.3690193908036254,0.22048489766434523,0.9894165425878685,1.7273486399158755,98.27265136008413,False,0.02811499685049057,0.0014869550941511989,1815.0521969795227
2023-10-13,24.545000076293945,24.111397,0.43360328674316406,1.766564617622254,0.3690193908036254,0.22048489766434523,0.9894165425878685,1.7273486399158755,98.27265136008413,False,0.02811499685049057,0.0014869550941511989,1815.0521969795227
2023-10-16,24.68000030517578,24.221752,0.4582481384277344,1.8567590468450383,0.3690193908036254,0.22048489766434523,0.9894165425878685,1.7273486399158755,98.27265136008413,False,0.02811499685049057,0.0014869550941511989,1815.0521969795227
2023-10-17,24.799999237060547,24.346285,0.45371437072753906,1.8294934866349464,0.3690193908036254,0.22048489766434523,0.9894165425878685,1.7273486399158755,98.27265136008413,False,0.02811499685049057,0.0014869550941511989,1815.0521969795227
2023-10-18,24.530000686645508,24.47572,0.05428123474121094,0.22128509262848264,0.3690193908036254,0.22048489766434523,0.9894165425878685,1.7273486399158755,98.27265136008413,False,0.02811499685049057,0.0014869550941511989,1815.0521969795227
2023-10-19,24.559999465942383,24.435991,0.1240081787109375,0.5049193054051202,0.3690193908036254,0.22048489766434523,0.9894165425878685,1.7273486399158755,98.27265136008413,False,0.02811499685049057,0.0014869550941511989,1815.0521969795227
2023-10-20,24.684999465942383,24.371576,0.31342315673828125,1.2696907576226917,0.3690193908036254,0.22048489766434523,0.9894165425878685,1.7273486399158755,98.27265136008413,False,0.02811499685049057,0.0014869550941511989,1815.0521969795227
2023-10-23,24.63999938964844,24.400879,0.23912048339844105,0.970456531337815,0.3690193908036254,0.22048489766434523,0.9894165425878685,1.7273486399158755,98.27265136008413,False,0.02811499685049057,0.0014869550941511989,1815.0521969795227
2023-10-24,24.75,24.43999,0.3100109100341797,1.252569333471433,0.3690193908036254,0.22048489766434523,0.9894165425878685,1.7273486399158755,98.27265136008413,False,0.02811499685049057,0.0014869550941511989,1815.0521969795227
2023-10-25,24.540000915527344,24.510086,0.02991485595703125,0.12190242396487867,0.3690193908036254,0.22048489766434523,0.9894165425878685,1.7273486399158755,98.27265136008413,False,0.02811499685049057,0.0014869550941511989,1815.0521969795227
2023-10-26,24.56999969482422,24.470718,0.09928131103515625,0.40407534500731107,0.3690193908036254,0.22048489766434523,0.9894165425878685,1.7273486399158755,98.27265136008413,False,0.02811499685049057,0.0014869550941511989,1815.0521969795227
2023-10-27,24.950000762939453,24.419949,0.5300521850585938,2.124457590582239,0.3690193908036254,0.22048489766434523,0.9894165425878685,1.7273486399158755,98.27265136008413,False,0.02811499685049057,0.0014869550941511989,1815.0521969795227
2023-10-30,24.5,24.559427,0.05942726135253906,0.2425602504185268,0.3690193908036254,0.22048489766434523,0.9894165425878685,1.7273486399158755,98.27265136008413,False,0.02811499685049057,0.0014869550941511989,1815.0521969795227
2023-10-31,24.239999771118164,24.511055,0.2710552215576172,1.1182146209447499,0.3690193908036254,0.22048489766434523,0.9894165425878685,1.7273486399158755,98.27265136008413,False,0.02811499685049057,0.0014869550941511989,1815.0521969795227
2023-11-01,24.18000030517578,24.288248,0.10824775695800781,0.44767475430857273,0.3690193908036254,0.22048489766434523,0.9894165425878685,1.7273486399158755,98.27265136008413,False,0.02811499685049057,0.0014869550941511989,1815.0521969795227
2023-11-03,24.475000381469727,24.089834,0.3851661682128906,1.573712613726878,0.3690193908036254,0.22048489766434523,0.9894165425878685,1.7273486399158755,98.27265136008413,False,0.02811499685049057,0.0014869550941511989,1815.0521969795227
2023-11-06,25.145000457763672,24.130323,1.0146770477294922,4.035303357555535,0.3690193908036254,0.22048489766434523,0.9894165425878685,1.7273486399158755,98.27265136008413,False,0.02811499685049057,0.0014869550941511989,1815.0521969795227
2023-11-07,25.225000381469727,24.527256,0.6977443695068359,2.766082691595908,0.3690193908036254,0.22048489766434523,0.9894165425878685,1.7273486399158755,98.27265136008413,False,0.02811499685049057,0.0014869550941511989,1815.0521969795227
2023-11-08,25.540000915527344,24.88831,0.6516914367675781,2.5516500133379973,0.3690193908036254,0.22048489766434523,0.9894165425878685,1.7273486399158755,98.27265136008413,False,0.02811499685049057,0.0014869550941511989,1815.0521969795227
2023-11-09,25.5,25.174084,0.3259162902832031,1.2781030991498161,0.3690193908036254,0.22048489766434523,0.9894165425878685,1.7273486399158755,98.27265136008413,False,0.02811499685049057,0.0014869550941511989,1815.0521969795227
2023-11-10,24.88500022888184,25.279694,0.3946933746337855,1.5860694032692815,0.3690193908036254,0.22048489766434523,0.9894165425878685,1.7273486399158755,98.27265136008413,False,0.02811499685049057,0.0014869550941511989,1815.0521969795227
2023-11-13,25.049999237060547,25.00761,0.042388916015625,0.16921723475708603,0.3690193908036254,0.22048489766434523,0.9894165425878685,1.7273486399158755,98.27265136008413,False,0.02811499685049057,0.0014869550941511989,1815.0521969795227
2023-11-14,25.09000015258789,24.807892,0.2821083068847656,1.1243854331171368,0.3690193908036254,0.22048489766434523,0.9894165425878685,1.7273486399158755,98.27265136008413,False,0.02811499685049057,0.0014869550941511989,1815.0521969795227
2023-11-16,25.14999961853028,24.777784,0.37221527099610086,1.4799812192516146,0.3690193908036254,0.22048489766434523,0.9894165425878685,1.7273486399158755,98.27265136008413,False,0.02811499685049057,0.0014869550941511989,1815.0521969795227
2023-11-17,25.13999938964844,24.853138,0.2868614196777379,1.1410557941216777,0.3690193908036254,0.22048489766434523,0.9894165425878685,1.7273486399158755,98.27265136008413,False,0.02811499685049057,0.0014869550941511989,1815.0521969795227
2023-11-20,25.46999931335449,24.923397,0.5466022491455043,2.146063069812917,0.3690193908036254,0.22048489766434523,0.9894165425878685,1.7273486399158755,98.27265136008413,False,0.02811499685049057,0.0014869550941511989,1815.0521969795227
2023-11-21,25.46500015258789,25.096704,0.36829566955566406,1.44628182740551,0.3690193908036254,0.22048489766434523,0.9894165425878685,1.7273486399158755,98.27265136008413,False,0.02811499685049057,0.0014869550941511989,1815.0521969795227
2023-11-22,25.299999237060547,25.225542,0.07445716857910156,0.294297117883045,0.3690193908036254,0.22048489766434523,0.9894165425878685,1.7273486399158755,98.27265136008413,False,0.02811499685049057,0.0014869550941511989,1815.0521969795227
2023-11-23,25.39999961853028,25.197834,0.20216560363770242,0.795927585330414,0.3690193908036254,0.22048489766434523,0.9894165425878685,1.7273486399158755,98.27265136008413,False,0.02811499685049057,0.0014869550941511989,1815.0521969795227
2023-11-24,25.53499984741211,25.169607,0.36539268493652344,1.4309484516153417,0.3690193908036254,0.22048489766434523,0.9894165425878685,1.7273486399158755,98.27265136008413,False,0.02811499685049057,0.0014869550941511989,1815.0521969795227
2023-11-27,25.575000762939453,25.222612,0.3523883819580078,1.3778626449491693,0.3690193908036254,0.22048489766434523,0.9894165425878685,1.7273486399158755,98.27265136008413,False,0.02811499685049057,0.0014869550941511989,1815.0521969795227
2023-11-28,25.98500061035156,25.298792,0.6862087249755824,2.640787796257429,0.3690193908036254,0.22048489766434523,0.9894165425878685,1.7273486399158755,98.27265136008413,False,0.02811499685049057,0.0014869550941511989,1815.0521969795227
2023-11-29,26.38500022888184,25.519733,0.8652667999267614,3.2793890180816203,0.3690193908036254,0.22048489766434523,0.9894165425878685,1.7273486399158755,98.27265136008413,False,0.02811499685049057,0.0014869550941511989,1815.0521969795227
2023-11-30,26.364999771118164,25.861685,0.5033149719238281,1.9090270293694072,0.3690193908036254,0.22048489766434523,0.9894165425878685,1.7273486399158755,98.27265136008413,False,0.02811499685049057,0.0014869550941511989,1815.0521969795227
2023-12-01,27.174999237060547,26.06968,1.1053199768066406,4.067414932248589,0.3690193908036254,0.22048489766434523,0.9894165425878685,1.7273486399158755,98.27265136008413,False,0.02811499685049057,0.0014869550941511989,1815.0521969795227
2023-12-04,27.14999961853028,26.469034,0.6809654235839915,2.5081599747766568,0.3690193908036254,0.22048489766434523,0.9894165425878685,1.7273486399158755,98.27265136008413,False,0.02811499685049057,0.0014869550941511989,1815.0521969795227
2023-12-05,27.07999992370605,26.749994,0.3300056457519496,1.218632373270651,0.3690193908036254,0.22048489766434523,0.9894165425878685,1.7273486399158755,98.27265136008413,False,0.02811499685049057,0.0014869550941511989,1815.0521969795227
2023-12-06,27.190000534057617,26.815067,0.37493324279785156,1.3789379751141164,0.3690193908036254,0.22048489766434523,0.9894165425878685,1.7273486399158755,98.27265136008413,False,0.02811499685049057,0.0014869550941511989,1815.0521969795227
2023-12-07,26.5,26.83135,0.33135032653808594,1.2503785907097582,0.3690193908036254,0.22048489766434523,0.9894165425878685,1.7273486399158755,98.27265136008413,False,0.02811499685049057,0.0014869550941511989,1815.0521969795227
2023-12-08,26.950000762939453,26.549984,0.40001678466796875,1.4842922944108246,0.3690193908036254,0.22048489766434523,0.9894165425878685,1.7273486399158755,98.27265136008413,False,0.02811499685049057,0.0014869550941511989,1815.0521969795227
2023-12-11,27.225000381469727,26.497019,0.7279815673828125,2.6739451136180765,0.3690193908036254,0.22048489766434523,0.9894165425878685,1.7273486399158755,98.27265136008413,False,0.02811499685049057,0.0014869550941511989,1815.0521969795227
2023-12-12,26.89999961853028,26.69947,0.2005290985107493,0.7454613433251249,0.3690193908036254,0.22048489766434523,0.9894165425878685,1.7273486399158755,98.27265136008413,False,0.02811499685049057,0.0014869550941511989,1815.0521969795227
2023-12-13,26.23500061035156,26.753466,0.5184650421142614,1.9762341530485437,0.3690193908036254,0.22048489766434523,0.9894165425878685,1.7273486399158755,98.27265136008413,False,0.02811499685049057,0.0014869550941511989,1815.0521969795227
2023-12-14,26.75,26.431618,0.31838226318359375,1.1902140679760513,0.3690193908036254,0.22048489766434523,0.9894165425878685,1.7273486399158755,98.27265136008413,False,0.02811499685049057,0.0014869550941511989,1815.0521969795227
2023-12-15,26.625,26.353727,0.2712726593017578,1.0188644480817195,0.3690193908036254,0.22048489766434523,0.9894165425878685,1.7273486399158755,98.27265136008413,False,0.02811499685049057,0.0014869550941511989,1815.0521969795227
2023-12-18,27.334999084472656,26.372553,0.9624462127685547,3.5209301079335376,0.3690193908036254,0.22048489766434523,0.9894165425878685,1.7273486399158755,98.27265136008413,False,0.02811499685049057,0.0014869550941511989,1815.0521969795227
2023-12-19,27.28499984741211,26.70162,0.5833797454833984,2.138096935114075,0.3690193908036254,0.22048489766434523,0.9894165425878685,1.7273486399158755,98.27265136008413,False,0.02811499685049057,0.0014869550941511989,1815.0521969795227
2023-12-20,27.424999237060547,26.958952,0.4660472869873047,1.699352050874501,0.3690193908036254,0.22048489766434523,0.9894165425878685,1.7273486399158755,98.27265136008413,False,0.02811499685049057,0.0014869550941511989,1815.0521969795227
2023-12-21,27.39999961853028,27.102234,0.29776573181153054,1.0867362626171544,0.3690193908036254,0.22048489766434523,0.9894165425878685,1.7273486399158755,98.27265136008413,False,0.02811499685049057,0.0014869550941511989,1815.0521969795227
2023-12-22,27.25,27.12565,0.12434959411621094,0.456328785747563,0.3690193908036254,0.22048489766434523,0.9894165425878685,1.7273486399158755,98.27265136008413,False,0.02811499685049057,0.0014869550941511989,1815.0521969795227
2023-12-26,27.21999931335449,27.034712,0.18528747558593395,0.6807034542981398,0.3690193908036254,0.22048489766434523,0.9894165425878685,1.7273486399158755,98.27265136008413,False,0.02811499685049057,0.0014869550941511989,1815.0521969795227
2023-12-27,27.39999961853028,26.940462,0.45953750610352273,1.6771442062091972,0.3690193908036254,0.22048489766434523,0.9894165425878685,1.7273486399158755,98.27265136008413,False,0.02811499685049057,0.0014869550941511989,1815.0521969795227
2023-12-28,27.43000030517578,26.976814,0.45318603515625,1.6521546850684434,0.3690193908036254,0.22048489766434523,0.9894165425878685,1.7273486399158755,98.27265136008413,False,0.02811499685049057,0.0014869550941511989,1815.0521969795227
2024-01-02,27.559999465942383,27.060896,0.4991035461425781,1.8109708120979888,0.3690193908036254,0.22048489766434523,0.9894165425878685,1.7273486399158755,98.27265136008413,False,0.02811499685049057,0.0014869550941511989,1815.0521969795227
2024-01-03,27.34000015258789,27.172955,0.16704559326171875,0.6109933881836752,0.3690193908036254,0.22048489766434523,0.9894165425878685,1.7273486399158755,98.27265136008413,False,0.02811499685049057,0.0014869550941511989,1815.0521969795227
2024-01-04,27.375,27.147943,0.22705650329589844,0.8294301490261131,0.3690193908036254,0.22048489766434523,0.9894165425878685,1.7273486399158755,98.27265136008413,False,0.02811499685049057,0.0014869550941511989,1815.0521969795227
2024-01-05,27.09000015258789,27.098568,0.00856781005859375,0.031627205649075174,0.3690193908036254,0.22048489766434523,0.9894165425878685,1.7273486399158755,98.27265136008413,False,0.02811499685049057,0.0014869550941511989,1815.0521969795227
2024-01-08,27.52499961853028,26.95201,0.5729904174804759,2.081709084183708,0.3690193908036254,0.22048489766434523,0.9894165425878685,1.7273486399158755,98.27265136008413,False,0.02811499685049057,0.0014869550941511989,1815.0521969795227
2024-01-09,27.545000076293945,27.026163,0.5188369750976562,1.883597653514559,0.3690193908036254,0.22048489766434523,0.9894165425878685,1.7273486399158755,98.27265136008413,False,0.02811499685049057,0.0014869550941511989,1815.0521969795227
2024-01-10,27.084999084472656,27.161547,0.07654762268066406,0.2826199936057869,0.3690193908036254,0.22048489766434523,0.9894165425878685,1.7273486399158755,98.27265136008413,False,0.02811499685049057,0.0014869550941511989,1815.0521969795227
2024-01-11,27.200000762939453,27.045181,0.15481948852539062,0.5691892800839009,0.3690193908036254,0.22048489766434523,0.9894165425878685,1.7273486399158755,98.27265136008413,False,0.02811499685049057,0.0014869550941511989,1815.0521969795227
2024-01-12,27.39999961853028,26.936296,0.46370315551758523,1.6923473064721817,0.3690193908036254,0.22048489766434523,0.9894165425878685,1.7273486399158755,98.27265136008413,False,0.02811499685049057,0.0014869550941511989,1815.0521969795227
2024-01-15,27.549999237060547,26.982094,0.5679054260253906,2.061362764981272,0.3690193908036254,0.22048489766434523,0.9894165425878685,1.7273486399158755,98.27265136008413,False,0.02811499685049057,0.0014869550941511989,1815.0521969795227
2024-01-16,27.979999542236328,27.124657,0.8553428649902344,3.0569795531950543,0.3690193908036254,0.22048489766434523,0.9894165425878685,1.7273486399158755,98.27265136008413,False,0.02811499685049057,0.0014869550941511989,1815.0521969795227
2024-01-17,27.905000686645508,27.406517,0.49848365783691406,1.786359597100721,0.3690193908036254,0.22048489766434523,0.9894165425878685,1.7273486399158755,98.27265136008413,False,0.02811499685049057,0.0014869550941511989,1815.0521969795227
2024-01-18,28.02499961853028,27.56622,0.45878028869629617,1.6370394110298156,0.3690193908036254,0.22048489766434523,0.9894165425878685,1.7273486399158755,98.27265136008413,False,0.02811499685049057,0.0014869550941511989,1815.0521969795227
2024-01-19,27.76499938964844,27.645798,0.11920166015625355,0.4293234747942952,0.3690193908036254,0.22048489766434523,0.9894165425878685,1.7273486399158755,98.27265136008413,False,0.02811499685049057,0.0014869550941511989,1815.0521969795227
2024-01-22,28.03499984741211,27.555897,0.47910308837890625,1.7089462849529207,0.3690193908036254,0.22048489766434523,0.9894165425878685,1.7273486399158755,98.27265136008413,False,0.02811499685049057,0.0014869550941511989,1815.0521969795227
2024-01-23,27.905000686645508,27.56799,0.33701133728027344,1.2077094749600092,0.3690193908036254,0.22048489766434523,0.9894165425878685,1.7273486399158755,98.27265136008413,False,0.02811499685049057,0.0014869550941511989,1815.0521969795227
2024-01-24,28.34000015258789,27.571005,0.7689952850341797,2.713462529618082,0.3690193908036254,0.22048489766434523,0.9894165425878685,1.7273486399158755,98.27265136008413,False,0.02811499685049057,0.0014869550941511989,1815.0521969795227
2024-01-25,28.375,27.751125,0.6238746643066406,2.1986772310366187,0.3690193908036254,0.22048489766434523,0.9894165425878685,1.7273486399158755,98.27265136008413,False,0.02811499685049057,0.0014869550941511989,1815.0521969795227
2024-01-26,28.31999969482422,27.929644,0.39035606384277344,1.3783759465015641,0.3690193908036254,0.22048489766434523,0.9894165425878685,1.7273486399158755,98.27265136008413,False,0.02811499685049057,0.0014869550941511989,1815.0521969795227
2024-01-29,28.479999542236328,27.990679,0.4893207550048828,1.7181206561440134,0.3690193908036254,0.22048489766434523,0.9894165425878685,1.7273486399158755,98.27265136008413,False,0.02811499685049057,0.0014869550941511989,1815.0521969795227
2024-01-30,28.2450008392334,28.04984,0.195159912109375,0.6909538194748089,0.3690193908036254,0.22048489766434523,0.9894165425878685,1.7273486399158755,98.27265136008413,False,0.02811499685049057,0.0014869550941511989,1815.0521969795227
2024-01-31,28.200000762939453,27.990046,0.20995521545410156,0.744522020474643,0.3690193908036254,0.22048489766434523,0.9894165425878685,1.7273486399158755,98.27265136008413,False,0.02811499685049057,0.0014869550941511989,1815.0521969795227
2024-02-01,28.225000381469727,27.898846,0.3261547088623047,1.1555525401389604,0.3690193908036254,0.22048489766434523,0.9894165425878685,1.7273486399158755,98.27265136008413,False,0.02811499685049057,0.0014869550941511989,1815.0521969795227
2024-02-02,28.850000381469727,27.860918,0.9890823364257812,3.428361606057607,0.3690193908036254,0.22048489766434523,0.9894165425878685,1.7273486399158755,98.27265136008413,False,0.02811499685049057,0.0014869550941511989,1815.0521969795227
2024-02-05,28.864999771118164,28.128532,0.7364673614501953,2.55141994557399,0.3690193908036254,0.22048489766434523,0.9894165425878685,1.7273486399158755,98.27265136008413,False,0.02811499685049057,0.0014869550941511989,1815.0521969795227
2024-02-06,29.209999084472656,28.383825,0.8261737823486328,2.8283937290083903,0.3690193908036254,0.22048489766434523,0.9894165425878685,1.7273486399158755,98.27265136008413,False,0.02811499685049057,0.0014869550941511989,1815.0521969795227
2024-02-07,29.78499984741211,28.638403,1.146596908569336,3.8495783597224316,0.3690193908036254,0.22048489766434523,0.9894165425878685,1.7273486399158755,98.27265136008413,False,0.02811499685049057,0.0014869550941511989,1815.0521969795227
2024-02-08,29.729999542236328,29.011778,0.7182216644287109,2.41581458287061,0.3690193908036254,0.22048489766434523,0.9894165425878685,1.7273486399158755,98.27265136008413,False,0.02811499685049057,0.0014869550941511989,1815.0521969795227
2024-02-09,29.25,29.224686,0.0253143310546875,0.08654472155448717,0.3690193908036254,0.22048489766434523,0.9894165425878685,1.7273486399158755,98.27265136008413,False,0.02811499685049057,0.0014869550941511989,1815.0521969795227
2024-02-14,28.68000030517578,29.070469,0.3904685974121094,1.3614665036863436,0.3690193908036254,0.22048489766434523,0.9894165425878685,1.7273486399158755,98.27265136008413,False,0.02811499685049057,0.0014869550941511989,1815.0521969795227
2024-02-15,29.174999237060547,28.63298,0.5420188903808594,1.8578197242670063,0.3690193908036254,0.22048489766434523,0.9894165425878685,1.7273486399158755,98.27265136008413,False,0.02811499685049057,0.0014869550941511989,1815.0521969795227
2024-02-16,29.290000915527344,28.540434,0.7495670318603516,2.55912259621333,0.3690193908036254,0.22048489766434523,0.9894165425878685,1.7273486399158755,98.27265136008413,False,0.02811499685049057,0.0014869550941511989,1815.0521969795227
2024-02-19,28.959999084472656,28.690195,0.2698040008544922,0.9316436788119642,0.3690193908036254,0.22048489766434523,0.9894165425878685,1.7273486399158755,98.27265136008413,False,0.02811499685049057,0.0014869550941511989,1815.0521969795227
2024-02-20,29.43000030517578,28.702635,0.7273654937744141,2.471510316792264,0.3690193908036254,0.22048489766434523,0.9894165425878685,1.7273486399158755,98.27265136008413,False,0.02811499685049057,0.0014869550941511989,1815.0521969795227
2024-02-21,29.65999984741211,28.845573,0.8144264221191406,2.745874667258978,0.3690193908036254,0.22048489766434523,0.9894165425878685,1.7273486399158755,98.27265136008413,False,0.02811499685049057,0.0014869550941511989,1815.0521969795227
2024-02-22,29.34499931335449,29.071297,0.2737026214599574,0.9327061777622849,0.3690193908036254,0.22048489766434523,0.9894165425878685,1.7273486399158755,98.27265136008413,False,0.02811499685049057,0.0014869550941511989,1815.0521969795227
2024-02-23,29.065000534057617,29.075481,0.010480880737304688,0.036060142937287966,0.3690193908036254,0.22048489766434523,0.9894165425878685,1.7273486399158755,98.27265136008413,False,0.02811499685049057,0.0014869550941511989,1815.0521969795227
2024-02-26,28.70499992370605,28.8728,0.16780090332031605,0.5845702970433995,0.3690193908036254,0.22048489766434523,0.9894165425878685,1.7273486399158755,98.27265136008413,False,0.02811499685049057,0.0014869550941511989,1815.0521969795227
2024-02-27,29.09499931335449,28.553694,0.541305541992184,1.8604762150440295,0.3690193908036254,0.22048489766434523,0.9894165425878685,1.7273486399158755,98.27265136008413,False,0.02811499685049057,0.0014869550941511989,1815.0521969795227
2024-02-28,29.290000915527344,28.521732,0.7682685852050781,2.6229722130114386,0.3690193908036254,0.22048489766434523,0.9894165425878685,1.7273486399158755,98.27265136008413,False,0.02811499685049057,0.0014869550941511989,1815.0521969795227
2024-02-29,29.375,28.69872,0.6762790679931641,2.302226614444814,0.3690193908036254,0.22048489766434523,0.9894165425878685,1.7273486399158755,98.27265136008413,False,0.02811499685049057,0.0014869550941511989,1815.0521969795227
2024-03-01,28.975000381469727,28.884296,0.09070396423339844,0.31304215026484006,0.3690193908036254,0.22048489766434523,0.9894165425878685,1.7273486399158755,98.27265136008413,False,0.02811499685049057,0.0014869550941511989,1815.0521969795227
2024-03-04,29.01000022888184,28.80241,0.20759010314941762,0.7155811841143821,0.3690193908036254,0.22048489766434523,0.9894165425878685,1.7273486399158755,98.27265136008413,False,0.02811499685049057,0.0014869550941511989,1815.0521969795227
2024-03-05,28.89999961853028,28.674486,0.22551345825196023,0.7803233952548709,0.3690193908036254,0.22048489766434523,0.9894165425878685,1.7273486399158755,98.27265136008413,False,0.02811499685049057,0.0014869550941511989,1815.0521969795227
2024-03-06,29.11000061035156,28.558836,0.5511646270751918,1.8933858313943035,0.3690193908036254,0.22048489766434523,0.9894165425878685,1.7273486399158755,98.27265136008413,False,0.02811499685049057,0.0014869550941511989,1815.0521969795227
2024-03-07,29.46999931335449,28.592268,0.877731323242184,2.978389357628642,0.3690193908036254,0.22048489766434523,0.9894165425878685,1.7273486399158755,98.27265136008413,False,0.02811499685049057,0.0014869550941511989,1815.0521969795227
2024-03-08,28.5049991607666,28.8134,0.30840110778808594,1.0819193715766169,0.3690193908036254,0.22048489766434523,0.9894165425878685,1.7273486399158755,98.27265136008413,False,0.02811499685049057,0.0014869550941511989,1815.0521969795227
2024-03-11,28.850000381469727,28.582006,0.2679939270019531,0.9289217450897674,0.3690193908036254,0.22048489766434523,0.9894165425878685,1.7273486399158755,98.27265136008413,False,0.02811499685049057,0.0014869550941511989,1815.0521969795227
2024-03-12,28.5049991607666,28.430275,0.07472419738769531,0.2621441837842374,0.3690193908036254,0.22048489766434523,0.9894165425878685,1.7273486399158755,98.27265136008413,False,0.02811499685049057,0.0014869550941511989,1815.0521969795227
2024-03-13,28.7549991607666,28.262589,0.49241065979003906,1.7124349649151982,0.3690193908036254,0.22048489766434523,0.9894165425878685,1.7273486399158755,98.27265136008413,False,0.02811499685049057,0.0014869550941511989,1815.0521969795227
2024-03-14,28.475000381469727,28.26818,0.2068195343017578,0.7263196893101601,0.3690193908036254,0.22048489766434523,0.9894165425878685,1.7273486399158755,98.27265136008413,False,0.02811499685049057,0.0014869550941511989,1815.0521969795227
2024-03-15,28.40999984741211,28.21732,0.19268035888671875,0.6782131641027452,0.3690193908036254,0.22048489766434523,0.9894165425878685,1.7273486399158755,98.27265136008413,False,0.02811499685049057,0.0014869550941511989,1815.0521969795227
2024-03-18,28.64999961853028,28.130646,0.5193538665771555,1.8127534851387825,0.3690193908036254,0.22048489766434523,0.9894165425878685,1.7273486399158755,98.27265136008413,False,0.02811499685049057,0.0014869550941511989,1815.0521969795227
2024-03-19,28.1200008392334,28.174967,0.054965972900390625,0.19546931458018085,0.3690193908036254,0.22048489766434523,0.9894165425878685,1.7273486399158755,98.27265136008413,False,0.02811499685049057,0.0014869550941511989,1815.0521969795227
2024-03-20,27.915000915527344,28.021238,0.10623741149902344,0.3805746301800417,0.3690193908036254,0.22048489766434523,0.9894165425878685,1.7273486399158755,98.27265136008413,False,0.02811499685049057,0.0014869550941511989,1815.0521969795227
2024-03-21,28.299999237060547,27.770603,0.5293960571289062,1.8706574961162201,0.3690193908036254,0.22048489766434523,0.9894165425878685,1.7273486399158755,98.27265136008413,False,0.02811499685049057,0.0014869550941511989,1815.0521969795227
2024-03-22,27.834999084472656,27.776947,0.05805206298828125,0.2085578045542841,0.3690193908036254,0.22048489766434523,0.9894165425878685,1.7273486399158755,98.27265136008413,False,0.02811499685049057,0.0014869550941511989,1815.0521969795227
2024-03-25,27.71500015258789,27.680815,0.03418540954589844,0.12334623618144333,0.3690193908036254,0.22048489766434523,0.9894165425878685,1.7273486399158755,98.27265136008413,False,0.02811499685049057,0.0014869550941511989,1815.0521969795227
2024-03-26,27.84499931335449,27.523308,0.3216915130615199,1.155293664910368,0.3690193908036254,0.22048489766434523,0.9894165425878685,1.7273486399158755,98.27265136008413,False,0.02811499685049057,0.0014869550941511989,1815.0521969795227
2024-03-27,28.084999084472656,27.477722,0.6072769165039062,2.1622821303193533,0.3690193908036254,0.22048489766434523,0.9894165425878685,1.7273486399158755,98.27265136008413,False,0.02811499685049057,0.0014869550941511989,1815.0521969795227
2024-03-28,27.8799991607666,27.596544,0.28345489501953125,1.016696210731655,0.3690193908036254,0.22048489766434523,0.9894165425878685,1.7273486399158755,98.27265136008413,False,0.02811499685049057,0.0014869550941511989,1815.0521969795227
2024-04-01,28.350000381469727,27.621424,0.72857666015625,2.5699352746127864,0.3690193908036254,0.22048489766434523,0.9894165425878685,1.7273486399158755,98.27265136008413,False,0.02811499685049057,0.0014869550941511989,1815.0521969795227
2024-04-02,28.02499961853028,27.785107,0.23989295959473367,0.855996299233186,0.3690193908036254,0.22048489766434523,0.9894165425878685,1.7273486399158755,98.27265136008413,False,0.02811499685049057,0.0014869550941511989,1815.0521969795227
2024-04-03,28.045000076293945,27.78713,0.2578697204589844,0.9194855402298897,0.3690193908036254,0.22048489766434523,0.9894165425878685,1.7273486399158755,98.27265136008413,False,0.02811499685049057,0.0014869550941511989,1815.0521969795227
2024-04-04,28.27499961853028,27.726385,0.5486145019531321,1.9402812001935186,0.3690193908036254,0.22048489766434523,0.9894165425878685,1.7273486399158755,98.27265136008413,False,0.02811499685049057,0.0014869550941511989,1815.0521969795227
2024-04-05,28.450000762939453,27.779276,0.6707248687744141,2.3575565932783293,0.3690193908036254,0.22048489766434523,0.9894165425878685,1.7273486399158755,98.27265136008413,False,0.02811499685049057,0.0014869550941511989,1815.0521969795227
2024-04-08,28.75,27.927002,0.822998046875,2.862601902173913,0.3690193908036254,0.22048489766434523,0.9894165425878685,1.7273486399158755,98.27265136008413,False,0.02811499685049057,0.0014869550941511989,1815.0521969795227
2024-04-09,29.125,28.160044,0.9649562835693359,3.313154621697291,0.3690193908036254,0.22048489766434523,0.9894165425878685,1.7273486399158755,98.27265136008413,False,0.02811499685049057,0.0014869550941511989,1815.0521969795227
2024-04-10,29.170000076293945,28.466822,0.7031784057617188,2.4106218852333225,0.3690193908036254,0.22048489766434523,0.9894165425878685,1.7273486399158755,98.27265136008413,False,0.02811499685049057,0.0014869550941511989,1815.0521969795227
2024-04-11,28.75,28.669052,0.0809478759765625,0.2815578294836957,0.3690193908036254,0.22048489766434523,0.9894165425878685,1.7273486399158755,98.27265136008413,False,0.02811499685049057,0.0014869550941511989,1815.0521969795227
2024-04-12,28.8700008392334,28.558111,0.3118896484375,1.0803243483583556,0.3690193908036254,0.22048489766434523,0.9894165425878685,1.7273486399158755,98.27265136008413,False,0.02811499685049057,0.0014869550941511989,1815.0521969795227
2024-04-15,28.6299991607666,28.448368,0.18163108825683594,0.6344082905379049,0.3690193908036254,0.22048489766434523,0.9894165425878685,1.7273486399158755,98.27265136008413,False,0.02811499685049057,0.0014869550941511989,1815.0521969795227
2024-04-16,28.229999542236328,28.31591,0.08591079711914062,0.30432447223601666,0.3690193908036254,0.22048489766434523,0.9894165425878685,1.7273486399158755,98.27265136008413,False,0.02811499685049057,0.0014869550941511989,1815.0521969795227
2024-04-17,28.0,28.076565,0.07656478881835938,0.2734456743512835,0.3690193908036254,0.22048489766434523,0.9894165425878685,1.7273486399158755,98.27265136008413,False,0.02811499685049057,0.0014869550941511989,1815.0521969795227
2024-04-18,28.14999961853028,27.823965,0.3260345458984446,1.1582044416221806,0.3690193908036254,0.22048489766434523,0.9894165425878685,1.7273486399158755,98.27265136008413,False,0.02811499685049057,0.0014869550941511989,1815.0521969795227
2024-04-19,28.020000457763672,27.761702,0.2582988739013672,0.9218375077856172,0.3690193908036254,0.22048489766434523,0.9894165425878685,1.7273486399158755,98.27265136008413,False,0.02811499685049057,0.0014869550941511989,1815.0521969795227
2024-04-22,27.799999237060547,27.74579,0.05420875549316406,0.19499552870813627,0.3690193908036254,0.22048489766434523,0.9894165425878685,1.7273486399158755,98.27265136008413,False,0.02811499685049057,0.0014869550941511989,1815.0521969795227
2024-04-23,27.3700008392334,27.647491,0.27749061584472656,1.0138494970265362,0.3690193908036254,0.22048489766434523,0.9894165425878685,1.7273486399158755,98.27265136008413,False,0.02811499685049057,0.0014869550941511989,1815.0521969795227
2024-04-24,27.600000381469727,27.376513,0.22348785400390625,0.8097385902717342,0.3690193908036254,0.22048489766434523,0.9894165425878685,1.7273486399158755,98.27265136008413,False,0.02811499685049057,0.0014869550941511989,1815.0521969795227
2024-04-25,27.540000915527344,27.267372,0.2726287841796875,0.9899374550346384,0.3690193908036254,0.22048489766434523,0.9894165425878685,1.7273486399158755,98.27265136008413,False,0.02811499685049057,0.0014869550941511989,1815.0521969795227
2024-04-26,27.3799991607666,27.248154,0.13184547424316406,0.4815393655383611,0.3690193908036254,0.22048489766434523,0.9894165425878685,1.7273486399158755,98.27265136008413,False,0.02811499685049057,0.0014869550941511989,1815.0521969795227
2024-04-29,27.56999969482422,27.185886,0.3841133117675781,1.393229292779748,0.3690193908036254,0.22048489766434523,0.9894165425878685,1.7273486399158755,98.27265136008413,False,0.02811499685049057,0.0014869550941511989,1815.0521969795227
2024-04-30,27.5,27.206238,0.29376220703125,1.0682262073863638,0.3690193908036254,0.22048489766434523,0.9894165425878685,1.7273486399158755,98.27265136008413,False,0.02811499685049057,0.0014869550941511989,1815.0521969795227
2024-05-02,27.540000915527344,27.214159,0.32584190368652344,1.1831586523398057,0.3690193908036254,0.22048489766434523,0.9894165425878685,1.7273486399158755,98.27265136008413,False,0.02811499685049057,0.0014869550941511989,1815.0521969795227
2024-05-03,28.020000457763672,27.219627,0.8003730773925781,2.856434919046598,0.3690193908036254,0.22048489766434523,0.9894165425878685,1.7273486399158755,98.27265136008413,False,0.02811499685049057,0.0014869550941511989,1815.0521969795227
2024-05-06,28.299999237060547,27.421776,0.8782234191894531,3.1032630489945983,0.3690193908036254,0.22048489766434523,0.9894165425878685,1.7273486399158755,98.27265136008413,False,0.02811499685049057,0.0014869550941511989,1815.0521969795227
2024-05-07,28.479999542236328,27.715128,0.7648715972900391,2.6856446965728398,0.3690193908036254,0.22048489766434523,0.9894165425878685,1.7273486399158755,98.27265136008413,False,0.02811499685049057,0.0014869550941511989,1815.0521969795227
2024-05-08,28.270000457763672,27.963543,0.30645751953125,1.0840379008451302,0.3690193908036254,0.22048489766434523,0.9894165425878685,1.7273486399158755,98.27265136008413,False,0.02811499685049057,0.0014869550941511989,1815.0521969795227
2024-05-09,28.26000022888184,27.982714,0.2772865295410192,0.9811979026724535,0.3690193908036254,0.22048489766434523,0.9894165425878685,1.7273486399158755,98.27265136008413,False,0.02811499685049057,0.0014869550941511989,1815.0521969795227
2024-05-10,27.350000381469727,27.90998,0.5599803924560547,2.047460272927289,0.3690193908036254,0.22048489766434523,0.9894165425878685,1.7273486399158755,98.27265136008413,False,0.02811499685049057,0.0014869550941511989,1815.0521969795227
2024-05-13,27.64999961853028,27.472195,0.17780494689942117,0.6430558746925302,0.3690193908036254,0.22048489766434523,0.9894165425878685,1.7273486399158755,98.27265136008413,False,0.02811499685049057,0.0014869550941511989,1815.0521969795227
2024-05-14,27.8700008392334,27.249058,0.6209430694580078,2.2279980292784507,0.3690193908036254,0.22048489766434523,0.9894165425878685,1.7273486399158755,98.27265136008413,False,0.02811499685049057,0.0014869550941511989,1815.0521969795227
2024-05-15,27.75,27.33483,0.41517066955566406,1.496110520921312,0.3690193908036254,0.22048489766434523,0.9894165425878685,1.7273486399158755,98.27265136008413,False,0.02811499685049057,0.0014869550941511989,1815.0521969795227
2024-05-16,27.850000381469727,27.433651,0.4163494110107422,1.494970934678207,0.3690193908036254,0.22048489766434523,0.9894165425878685,1.7273486399158755,98.27265136008413,False,0.02811499685049057,0.0014869550941511989,1815.0521969795227
2024-05-17,27.700000762939453,27.51583,0.1841716766357422,0.6648796807332592,0.3690193908036254,0.22048489766434523,0.9894165425878685,1.7273486399158755,98.27265136008413,False,0.02811499685049057,0.0014869550941511989,1815.0521969795227
2024-05-20,27.64999961853028,27.48762,0.16238021850586648,0.5872702377798358,0.3690193908036254,0.22048489766434523,0.9894165425878685,1.7273486399158755,98.27265136008413,False,0.02811499685049057,0.0014869550941511989,1815.0521969795227
2024-05-21,27.950000762939453,27.408613,0.5413875579833984,1.9369858433108023,0.3690193908036254,0.22048489766434523,0.9894165425878685,1.7273486399158755,98.27265136008413,False,0.02811499685049057,0.0014869550941511989,1815.0521969795227
2024-05-22,27.81999969482422,27.479269,0.3407306671142578,1.224768766541896,0.3690193908036254,0.22048489766434523,0.9894165425878685,1.7273486399158755,98.27265136008413,False,0.02811499685049057,0.0014869550941511989,1815.0521969795227
2024-05-23,27.5,27.516531,0.016530990600585938,0.06011269309303978,0.3690193908036254,0.22048489766434523,0.9894165425878685,1.7273486399158755,98.27265136008413,False,0.02811499685049057,0.0014869550941511989,1815.0521969795227
2024-05-24,27.01000022888184,27.377033,0.36703300476073863,1.3588781993725036,0.3690193908036254,0.22048489766434523,0.9894165425878685,1.7273486399158755,98.27265136008413,False,0.02811499685049057,0.0014869550941511989,1815.0521969795227
2024-05-27,27.13999938964844,27.032711,0.10728836059570668,0.39531452840278214,0.3690193908036254,0.22048489766434523,0.9894165425878685,1.7273486399158755,98.27265136008413,False,0.02811499685049057,0.0014869550941511989,1815.0521969795227
2024-05-28,27.549999237060547,26.842712,0.7072868347167969,2.567284407635653,0.3690193908036254,0.22048489766434523,0.9894165425878685,1.7273486399158755,98.27265136008413,False,0.02811499685049057,0.0014869550941511989,1815.0521969795227
2024-05-29,27.46999931335449,26.986647,0.48335266113280895,1.7595656105379949,0.3690193908036254,0.22048489766434523,0.9894165425878685,1.7273486399158755,98.27265136008413,False,0.02811499685049057,0.0014869550941511989,1815.0521969795227
2024-05-31,27.3799991607666,27.140158,0.23984146118164062,0.8759732232764809,0.3690193908036254,0.22048489766434523,0.9894165425878685,1.7273486399158755,98.27265136008413,False,0.02811499685049057,0.0014869550941511989,1815.0521969795227
2024-06-03,27.18000030517578,27.16252,0.017480850219726562,0.064315121499089,0.3690193908036254,0.22048489766434523,0.9894165425878685,1.7273486399158755,98.27265136008413,False,0.02811499685049057,0.0014869550941511989,1815.0521969795227
2024-06-04,27.14999961853028,27.037266,0.11273384094238992,0.415225939323577,0.3690193908036254,0.22048489766434523,0.9894165425878685,1.7273486399158755,98.27265136008413,False,0.02811499685049057,0.0014869550941511989,1815.0521969795227
2024-06-05,27.25,26.908796,0.3412036895751953,1.2521236314686066,0.3690193908036254,0.22048489766434523,0.9894165425878685,1.7273486399158755,98.27265136008413,False,0.02811499685049057,0.0014869550941511989,1815.0521969795227
2024-06-06,27.299999237060547,26.8894,0.4105987548828125,1.5040247851927142,0.3690193908036254,0.22048489766434523,0.9894165425878685,1.7273486399158755,98.27265136008413,False,0.02811499685049057,0.0014869550941511989,1815.0521969795227
2024-06-07,27.5,26.93966,0.5603408813476562,2.037603204900568,0.3690193908036254,0.22048489766434523,0.9894165425878685,1.7273486399158755,98.27265136008413,False,0.02811499685049057,0.0014869550941511989,1815.0521969795227
2024-06-10,27.25,27.06936,0.18063926696777344,0.6628963925422879,0.3690193908036254,0.22048489766434523,0.9894165425878685,1.7273486399158755,98.27265136008413,False,0.02811499685049057,0.0014869550941511989,1815.0521969795227
2024-06-11,27.36000061035156,27.055609,0.3043918609619105,1.1125433266501643,0.3690193908036254,0.22048489766434523,0.9894165425878685,1.7273486399158755,98.27265136008413,False,0.02811499685049057,0.0014869550941511989,1815.0521969795227
2024-06-12,27.299999237060547,27.036573,0.2634258270263672,0.964929796293763,0.3690193908036254,0.22048489766434523,0.9894165425878685,1.7273486399158755,98.27265136008413,False,0.02811499685049057,0.0014869550941511989,1815.0521969795227
2024-06-13,26.6200008392334,27.008127,0.3881263732910156,1.458025398402628,0.3690193908036254,0.22048489766434523,0.9894165425878685,1.7273486399158755,98.27265136008413,False,0.02811499685049057,0.0014869550941511989,1815.0521969795227
2024-06-14,26.549999237060547,26.700737,0.15073776245117188,0.5677505340217126,0.3690193908036254,0.22048489766434523,0.9894165425878685,1.7273486399158755,98.27265136008413,False,0.02811499685049057,0.0014869550941511989,1815.0521969795227
2024-06-17,26.450000762939453,26.408112,0.041889190673828125,0.15837122671286033,0.3690193908036254,0.22048489766434523,0.9894165425878685,1.7273486399158755,98.27265136008413,False,0.02811499685049057,0.0014869550941511989,1815.0521969795227
2024-06-18,26.3799991607666,26.236214,0.1437854766845703,0.5450548948402314,0.3690193908036254,0.22048489766434523,0.9894165425878685,1.7273486399158755,98.27265136008413,False,0.02811499685049057,0.0014869550941511989,1815.0521969795227
2024-06-19,26.09000015258789,26.15935,0.06934928894042969,0.26580792845856255,0.3690193908036254,0.22048489766434523,0.9894165425878685,1.7273486399158755,98.27265136008413,False,0.02811499685049057,0.0014869550941511989,1815.0521969795227
2024-06-20,26.3799991607666,26.02125,0.3587493896484375,1.3599294960630024,0.3690193908036254,0.22048489766434523,0.9894165425878685,1.7273486399158755,98.27265136008413,False,0.02811499685049057,0.0014869550941511989,1815.0521969795227
2024-06-21,26.39999961853028,26.039755,0.3602447509765696,1.364563470386235,0.3690193908036254,0.22048489766434523,0.9894165425878685,1.7273486399158755,98.27265136008413,False,0.02811499685049057,0.0014869550941511989,1815.0521969795227
2024-06-24,26.61000061035156,26.114779,0.49522209167480113,1.8610375058847415,0.3690193908036254,0.22048489766434523,0.9894165425878685,1.7273486399158755,98.27265136008413,False,0.02811499685049057,0.0014869550941511989,1815.0521969795227
2024-06-25,26.809999465942383,26.24776,0.5622386932373047,2.0971231049502066,0.3690193908036254,0.22048489766434523,0.9894165425878685,1.7273486399158755,98.27265136008413,False,0.02811499685049057,0.0014869550941511989,1815.0521969795227
2024-06-26,26.89999961853028,26.41493,0.48506927490235086,1.8032315307848816,0.3690193908036254,0.22048489766434523,0.9894165425878685,1.7273486399158755,98.27265136008413,False,0.02811499685049057,0.0014869550941511989,1815.0521969795227
2024-06-27,26.790000915527344,26.544905,0.24509620666503906,0.914879426237655,0.3690193908036254,0.22048489766434523,0.9894165425878685,1.7273486399158755,98.27265136008413,False,0.02811499685049057,0.0014869550941511989,1815.0521969795227
2024-06-28,26.700000762939453,26.547235,0.15276527404785156,0.5721545680998451,0.3690193908036254,0.22048489766434523,0.9894165425878685,1.7273486399158755,98.27265136008413,False,0.02811499685049057,0.0014869550941511989,1815.0521969795227
2024-07-01,26.739999771118164,26.464886,0.2751140594482422,1.0288483986652555,0.3690193908036254,0.22048489766434523,0.9894165425878685,1.7273486399158755,98.27265136008413,False,0.02811499685049057,0.0014869550941511989,1815.0521969795227
2024-07-02,26.420000076293945,26.417772,0.002227783203125,0.008432184696032376,0.3690193908036254,0.22048489766434523,0.9894165425878685,1.7273486399158755,98.27265136008413,False,0.02811499685049057,0.0014869550941511989,1815.0521969795227
2024-07-03,26.549999237060547,26.278807,0.2711925506591797,1.0214408981248786,0.3690193908036254,0.22048489766434523,0.9894165425878685,1.7273486399158755,98.27265136008413,False,0.02811499685049057,0.0014869550941511989,1815.0521969795227
2024-07-04,26.89999961853028,26.229588,0.6704120635986399,2.49223818998429,0.3690193908036254,0.22048489766434523,0.9894165425878685,1.7273486399158755,98.27265136008413,False,0.02811499685049057,0.0014869550941511989,1815.0521969795227
2024-07-05,26.850000381469727,26.396666,0.4533348083496094,1.6883977724725625,0.3690193908036254,0.22048489766434523,0.9894165425878685,1.7273486399158755,98.27265136008413,False,0.02811499685049057,0.0014869550941511989,1815.0521969795227
2024-07-08,26.690000534057617,26.53985,0.15015029907226562,0.5625713603140143,0.3690193908036254,0.22048489766434523,0.9894165425878685,1.7273486399158755,98.27265136008413,False,0.02811499685049057,0.0014869550941511989,1815.0521969795227
2024-07-09,26.280000686645508,26.525082,0.24508094787597656,0.9325758807933263,0.3690193908036254,0.22048489766434523,0.9894165425878685,1.7273486399158755,98.27265136008413,False,0.02811499685049057,0.0014869550941511989,1815.0521969795227
2024-07-10,26.31999969482422,26.285728,0.034271240234375,0.13020988081969612,0.3690193908036254,0.22048489766434523,0.9894165425878685,1.7273486399158755,98.27265136008413,False,0.02811499685049057,0.0014869550941511989,1815.0521969795227
2024-07-11,26.6299991607666,26.103376,0.5266227722167969,1.977554595618083,0.3690193908036254,0.22048489766434523,0.9894165425878685,1.7273486399158755,98.27265136008413,False,0.02811499685049057,0.0014869550941511989,1815.0521969795227
2024-07-12,26.56999969482422,26.17556,0.394439697265625,1.484530304087512,0.3690193908036254,0.22048489766434523,0.9894165425878685,1.7273486399158755,98.27265136008413,False,0.02811499685049057,0.0014869550941511989,1815.0521969795227
2024-07-15,26.850000381469727,26.278889,0.5711116790771484,2.1270453294715623,0.3690193908036254,0.22048489766434523,0.9894165425878685,1.7273486399158755,98.27265136008413,False,0.02811499685049057,0.0014869550941511989,1815.0521969795227
2024-07-16,26.989999771118164,26.447556,0.5424442291259766,2.009797086795247,0.3690193908036254,0.22048489766434523,0.9894165425878685,1.7273486399158755,98.27265136008413,False,0.02811499685049057,0.0014869550941511989,1815.0521969795227
2024-07-17,27.14999961853028,26.617008,0.5329914093017649,1.963135973445798,0.3690193908036254,0.22048489766434523,0.9894165425878685,1.7273486399158755,98.27265136008413,False,0.02811499685049057,0.0014869550941511989,1815.0521969795227
2024-07-18,27.34000015258789,26.76774,0.5722599029541016,2.0931232617419493,0.3690193908036254,0.22048489766434523,0.9894165425878685,1.7273486399158755,98.27265136008413,False,0.02811499685049057,0.0014869550941511989,1815.0521969795227
2024-07-19,27.190000534057617,26.919237,0.2707633972167969,0.9958197568905687,0.3690193908036254,0.22048489766434523,0.9894165425878685,1.7273486399158755,98.27265136008413,False,0.02811499685049057,0.0014869550941511989,1815.0521969795227
2024-07-22,27.170000076293945,26.936356,0.2336444854736328,0.8599355348456168,0.3690193908036254,0.22048489766434523,0.9894165425878685,1.7273486399158755,98.27265136008413,False,0.02811499685049057,0.0014869550941511989,1815.0521969795227
2024-07-23,27.14999961853028,26.889387,0.26061248779297586,0.9598986793911554,0.3690193908036254,0.22048489766434523,0.9894165425878685,1.7273486399158755,98.27265136008413,False,0.02811499685049057,0.0014869550941511989,1815.0521969795227
2024-07-24,27.049999237060547,26.84529,0.2047100067138672,0.7567837799913834,0.3690193908036254,0.22048489766434523,0.9894165425878685,1.7273486399158755,98.27265136008413,False,0.02811499685049057,0.0014869550941511989,1815.0521969795227
2024-07-25,26.84000015258789,26.789478,0.0505218505859375,0.18823342138120752,0.3690193908036254,0.22048489766434523,0.9894165425878685,1.7273486399158755,98.27265136008413,False,0.02811499685049057,0.0014869550941511989,1815.0521969795227
2024-07-26,26.88999938964844,26.671257,0.2187423706054723,0.813471088027169,0.3690193908036254,0.22048489766434523,0.9894165425878685,1.7273486399158755,98.27265136008413,False,0.02811499685049057,0.0014869550941511989,1815.0521969795227
2024-07-29,27.209999084472656,26.612326,0.5976734161376953,2.1965212651504893,0.3690193908036254,0.22048489766434523,0.9894165425878685,1.7273486399158755,98.27265136008413,False,0.02811499685049057,0.0014869550941511989,1815.0521969795227
2024-07-30,27.15999984741211,26.745924,0.4140758514404297,1.524579726681715,0.3690193908036254,0.22048489766434523,0.9894165425878685,1.7273486399158755,98.27265136008413,False,0.02811499685049057,0.0014869550941511989,1815.0521969795227
2024-07-31,27.0,26.862415,0.13758468627929688,0.509572912145544,0.3690193908036254,0.22048489766434523,0.9894165425878685,1.7273486399158755,98.27265136008413,False,0.02811499685049057,0.0014869550941511989,1815.0521969795227
2024-08-01,26.64999961853028,26.835732,0.1857318878173757,0.6969301706414757,0.3690193908036254,0.22048489766434523,0.9894165425878685,1.7273486399158755,98.27265136008413,False,0.02811499685049057,0.0014869550941511989,1815.0521969795227
2024-08-02,26.5,26.619299,0.11929893493652344,0.45018466013782427,0.3690193908036254,0.22048489766434523,0.9894165425878685,1.7273486399158755,98.27265136008413,False,0.02811499685049057,0.0014869550941511989,1815.0521969795227
2024-08-05,26.0,26.37857,0.378570556640625,1.4560406024639423,0.3690193908036254,0.22048489766434523,0.9894165425878685,1.7273486399158755,98.27265136008413,False,0.02811499685049057,0.0014869550941511989,1815.0521969795227
2024-08-06,26.39999961853028,26.040197,0.3598022460937571,1.362887315502877,0.3690193908036254,0.22048489766434523,0.9894165425878685,1.7273486399158755,98.27265136008413,False,0.02811499685049057,0.0014869550941511989,1815.0521969795227
2024-08-07,26.850000381469727,25.996677,0.8533229827880859,3.1781116225867865,0.3690193908036254,0.22048489766434523,0.9894165425878685,1.7273486399158755,98.27265136008413,False,0.02811499685049057,0.0014869550941511989,1815.0521969795227
2024-08-08,26.15999984741211,26.280352,0.12035179138183594,0.4600603672929371,0.3690193908036254,0.22048489766434523,0.9894165425878685,1.7273486399158755,98.27265136008413,False,0.02811499685049057,0.0014869550941511989,1815.0521969795227
2024-08-09,26.299999237060547,26.233952,0.06604766845703125,0.25113182651336513,0.3690193908036254,0.22048489766434523,0.9894165425878685,1.7273486399158755,98.27265136008413,False,0.02811499685049057,0.0014869550941511989,1815.0521969795227
2024-08-12,26.6200008392334,26.12057,0.4994316101074219,1.8761517444107054,0.3690193908036254,0.22048489766434523,0.9894165425878685,1.7273486399158755,98.27265136008413,False,0.02811499685049057,0.0014869550941511989,1815.0521969795227
2024-08-13,27.200000762939453,26.189163,1.0108375549316406,3.7163144359500424,0.3690193908036254,0.22048489766434523,0.9894165425878685,1.7273486399158755,98.27265136008413,False,0.02811499685049057,0.0014869550941511989,1815.0521969795227
2024-08-14,27.46999931335449,26.538584,0.9314155578613246,3.390664656509542,0.3690193908036254,0.22048489766434523,0.9894165425878685,1.7273486399158755,98.27265136008413,False,0.02811499685049057,0.0014869550941511989,1815.0521969795227
2024-08-15,27.989999771118164,26.925873,1.064126968383789,3.8018112793334926,0.3690193908036254,0.22048489766434523,0.9894165425878685,1.7273486399158755,98.27265136008413,False,0.02811499685049057,0.0014869550941511989,1815.0521969795227
2024-08-16,28.299999237060547,27.344004,0.9559955596923828,3.3780762737281256,0.3690193908036254,0.22048489766434523,0.9894165425878685,1.7273486399158755,98.27265136008413,False,0.02811499685049057,0.0014869550941511989,1815.0521969795227
2024-08-19,28.39999961853028,27.70296,0.6970405578613352,2.454368194450728,0.3690193908036254,0.22048489766434523,0.9894165425878685,1.7273486399158755,98.27265136008413,False,0.02811499685049057,0.0014869550941511989,1815.0521969795227
2024-08-20,29.170000076293945,27.910973,1.2590274810791016,4.316172361282562,0.3690193908036254,0.22048489766434523,0.9894165425878685,1.7273486399158755,98.27265136008413,False,0.02811499685049057,0.0014869550941511989,1815.0521969795227
2024-08-21,29.309999465942383,28.298523,1.0114765167236328,3.450960543001537,0.3690193908036254,0.22048489766434523,0.9894165425878685,1.7273486399158755,98.27265136008413,False,0.02811499685049057,0.0014869550941511989,1815.0521969795227
2024-08-22,28.61000061035156,28.642033,0.03203201293945668,0.11196089568717793,0.3690193908036254,0.22048489766434523,0.9894165425878685,1.7273486399158755,98.27265136008413,False,0.02811499685049057,0.0014869550941511989,1815.0521969795227
2024-08-23,28.14999961853028,28.510351,0.3603515624999929,1.2801121399049133,0.3690193908036254,0.22048489766434523,0.9894165425878685,1.7273486399158755,98.27265136008413,False,0.02811499685049057,0.0014869550941511989,1815.0521969795227
2024-08-26,28.21999931335449,28.09233,0.12766838073730113,0.4524039115652455,0.3690193908036254,0.22048489766434523,0.9894165425878685,1.7273486399158755,98.27265136008413,False,0.02811499685049057,0.0014869550941511989,1815.0521969795227
2024-08-27,28.3799991607666,27.84388,0.5361194610595703,1.8890749715057025,0.3690193908036254,0.22048489766434523,0.9894165425878685,1.7273486399158755,98.27265136008413,False,0.02811499685049057,0.0014869550941511989,1815.0521969795227
2024-08-28,28.0,27.874174,0.1258258819580078,0.4493781498500279,0.3690193908036254,0.22048489766434523,0.9894165425878685,1.7273486399158755,98.27265136008413,False,0.02811499685049057,0.0014869550941511989,1815.0521969795227
2024-08-29,28.100000381469727,27.8311,0.26889991760253906,0.9569391955590952,0.3690193908036254,0.22048489766434523,0.9894165425878685,1.7273486399158755,98.27265136008413,False,0.02811499685049057,0.0014869550941511989,1815.0521969795227
2024-08-30,28.200000762939453,27.812563,0.3874378204345703,1.3738929430943227,0.3690193908036254,0.22048489766434523,0.9894165425878685,1.7273486399158755,98.27265136008413,False,0.02811499685049057,0.0014869550941511989,1815.0521969795227
2024-09-02,28.3799991607666,27.859016,0.5209827423095703,1.835739104001783,0.3690193908036254,0.22048489766434523,0.9894165425878685,1.7273486399158755,98.27265136008413,False,0.02811499685049057,0.0014869550941511989,1815.0521969795227
2024-09-03,28.440000534057617,27.976683,0.46331787109375,1.6291064078529645,0.3690193908036254,0.22048489766434523,0.9894165425878685,1.7273486399158755,98.27265136008413,False,0.02811499685049057,0.0014869550941511989,1815.0521969795227
2024-09-04,28.75,28.079094,0.6709060668945312,2.3335863196331523,0.3690193908036254,0.22048489766434523,0.9894165425878685,1.7273486399158755,98.27265136008413,False,0.02811499685049057,0.0014869550941511989,1815.0521969795227
2024-09-05,29.059999465942383,28.246634,0.8133659362792969,2.798919309109218,0.3690193908036254,0.22048489766434523,0.9894165425878685,1.7273486399158755,98.27265136008413,False,0.02811499685049057,0.0014869550941511989,1815.0521969795227
2024-09-06,29.239999771118164,28.48324,0.7567596435546875,2.5880972964376614,0.3690193908036254,0.22048489766434523,0.9894165425878685,1.7273486399158755,98.27265136008413,False,0.02811499685049057,0.0014869550941511989,1815.0521969795227
2024-09-09,28.86000061035156,28.698648,0.16135215759276988,0.559085773320794,0.3690193908036254,0.22048489766434523,0.9894165425878685,1.7273486399158755,98.27265136008413,False,0.02811499685049057,0.0014869550941511989,1815.0521969795227
2024-09-10,29.07999992370605,28.637358,0.44264221191405895,1.5221534149772005,0.3690193908036254,0.22048489766434523,0.9894165425878685,1.7273486399158755,98.27265136008413,False,0.02811499685049057,0.0014869550941511989,1815.0521969795227
2024-09-11,28.89999961853028,28.5999,0.30010032653809304,1.0384094480945005,0.3690193908036254,0.22048489766434523,0.9894165425878685,1.7273486399158755,98.27265136008413,False,0.02811499685049057,0.0014869550941511989,1815.0521969795227
2024-09-12,28.39999961853028,28.533625,0.13362503051757102,0.47051067715643236,0.3690193908036254,0.22048489766434523,0.9894165425878685,1.7273486399158755,98.27265136008413,False,0.02811499685049057,0.0014869550941511989,1815.0521969795227
2024-09-13,28.299999237060547,28.281233,0.018766403198242188,0.0663123805800901,0.3690193908036254,0.22048489766434523,0.9894165425878685,1.7273486399158755,98.27265136008413,False,0.02811499685049057,0.0014869550941511989,1815.0521969795227
2024-09-16,28.5,28.047497,0.4525032043457031,1.5877305415638705,0.3690193908036254,0.22048489766434523,0.9894165425878685,1.7273486399158755,98.27265136008413,False,0.02811499685049057,0.0014869550941511989,1815.0521969795227
2024-09-17,28.56999969482422,28.032795,0.5372047424316406,1.880310634126333,0.3690193908036254,0.22048489766434523,0.9894165425878685,1.7273486399158755,98.27265136008413,False,0.02811499685049057,0.0014869550941511989,1815.0521969795227
2024-09-18,28.270000457763672,28.135204,0.134796142578125,0.47681690978220875,0.3690193908036254,0.22048489766434523,0.9894165425878685,1.7273486399158755,98.27265136008413,False,0.02811499685049057,0.0014869550941511989,1815.0521969795227
2024-09-19,28.36000061035156,28.090937,0.2690639495849574,0.9487445126737675,0.3690193908036254,0.22048489766434523,0.9894165425878685,1.7273486399158755,98.27265136008413,False,0.02811499685049057,0.0014869550941511989,1815.0521969795227
2024-09-20,27.89999961853028,28.042435,0.14243507385253196,0.5105199849462764,0.3690193908036254,0.22048489766434523,0.9894165425878685,1.7273486399158755,98.27265136008413,False,0.02811499685049057,0.0014869550941511989,1815.0521969795227
2024-09-23,27.5,27.826185,0.3261852264404297,1.186128096147017,0.3690193908036254,0.22048489766434523,0.9894165425878685,1.7273486399158755,98.27265136008413,False,0.02811499685049057,0.0014869550941511989,1815.0521969795227
2024-09-24,27.700000762939453,27.477835,0.2221660614013672,0.8020435208745874,0.3690193908036254,0.22048489766434523,0.9894165425878685,1.7273486399158755,98.27265136008413,False,0.02811499685049057,0.0014869550941511989,1815.0521969795227
2024-09-25,27.5,27.33871,0.16128921508789062,0.5865062366832386,0.3690193908036254,0.22048489766434523,0.9894165425878685,1.7273486399158755,98.27265136008413,False,0.02811499685049057,0.0014869550941511989,1815.0521969795227
2024-09-26,27.450000762939453,27.262625,0.1873760223388672,0.6826084412786088,0.3690193908036254,0.22048489766434523,0.9894165425878685,1.7273486399158755,98.27265136008413,False,0.02811499685049057,0.0014869550941511989,1815.0521969795227
2024-09-27,27.479999542236328,27.207336,0.2726631164550781,0.992223875535366,0.3690193908036254,0.22048489766434523,0.9894165425878685,1.7273486399158755,98.27265136008413,False,0.02811499685049057,0.0014869550941511989,1815.0521969795227
